Cepa	ord_replica	rep	temp	hr	time	fecha	day	Matraz	factor diln	OD	OD_real	MPN	Incubator	...14	...15	...16	...17
CH23	1	1	30	0	9:20:00	07/01/25	1	1	1	0.001	0.001	NA	S_1	NA	NA	NA	NA
CH23	1	1	30	2	11:14:00	07/01/25	1	1	1	0	0	NA	S_1	NA	NA	NA	NA
CH23	1	1	30	4	13:13:00	07/01/25	1	1	1	0.045	0.045	NA	S_1	NA	NA	NA	NA
CH23	1	1	30	6	15:05:00	07/01/25	1	1	1	0.251	0.251	NA	S_1	NA	NA	NA	NA
CH23	1	1	30	8	17:08:00	07/01/25	1	1	1	0.346	0.346	NA	S_1	NA	NA	NA	NA
CH23	1	1	30	10	19:35:00	07/01/25	1	1	2	0.224	0.448	NA	S_1	NA	NA	NA	NA
CH23	1	1	30	12	21:37:00	07/01/25	1	1	2	0.253	0.506	NA	S_1	NA	NA	NA	NA
CH23	1	1	30	14	23:47:00	07/01/25	1	1	3	0.21	0.63	NA	S_1	NA	NA	NA	NA
CH23	1	1	30	16	1:39:00	07/01/25	1	1	3	0.209	0.627	NA	S_1	NA	NA	NA	NA
CH23	1	1	30	18	3:23:00	07/01/25	1	1	3	0.218	0.654	NA	S_1	NA	NA	NA	NA
CH23	1	1	42	0	9:20:00	07/01/25	1	1	1	0.001	0.001	NA	S_2	NA	NA	NA	NA
CH23	1	1	42	2	11:14:00	07/01/25	1	1	1	0.019	0.019	NA	S_2	NA	NA	NA	NA
CH23	1	1	42	4	13:13:00	07/01/25	1	1	1	0.194	0.194	NA	S_2	NA	NA	NA	NA
CH23	1	1	42	6	15:05:00	07/01/25	1	1	1	0.266	0.266	NA	S_2	NA	NA	NA	NA
CH23	1	1	42	8	17:08:00	07/01/25	1	1	1	0.295	0.295	NA	S_2	NA	NA	NA	NA
CH23	1	1	42	10	19:35:00	07/01/25	1	1	2	0.235	0.47	NA	S_2	NA	NA	NA	NA
CH23	1	1	42	12	21:37:00	07/01/25	1	1	2	0.275	0.55	NA	S_2	NA	NA	NA	NA
CH23	1	1	42	14	23:47:00	07/01/25	1	1	3	0.196	0.588	NA	S_2	NA	NA	NA	NA
CH23	1	1	42	16	1:39:00	07/01/25	1	1	3	0.213	0.639	NA	S_2	NA	NA	NA	NA
CH23	1	1	42	18	3:23:00	07/01/25	1	1	3	0.216	0.648	NA	S_2	NA	NA	NA	NA
CH23	2	2	30	0	8:52:00	07/03/25	1	1	1	0.001	0.001	NA	S_1	NA	NA	NA	NA
CH23	2	2	30	2	11:02:00	07/03/25	1	1	1	0.008	0.008	NA	S_1	NA	NA	NA	NA
CH23	2	2	30	4	13:04:00	07/03/25	1	1	1	0.048	0.048	NA	S_1	NA	NA	NA	NA
CH23	2	2	30	6	15:11:00	07/03/25	1	1	1	0.259	0.259	NA	S_1	NA	NA	NA	NA
CH23	2	2	30	8	17:12:00	07/03/25	1	1	1	0.355	0.355	NA	S_1	NA	NA	NA	NA
CH23	2	2	30	10	19:24:00	07/03/25	1	1	2	0.236	0.472	NA	S_1	NA	NA	NA	NA
CH23	2	2	30	12	21:29:00	07/03/25	1	1	3	0.164	0.492	NA	S_1	NA	NA	NA	NA
CH23	2	2	30	14	23:36:00	07/03/25	1	1	3	0.162	0.486	NA	S_1	NA	NA	NA	NA
CH23	2	2	30	16	1:38:00	07/03/25	1	1	3	0.218	0.654	NA	S_1	NA	NA	NA	NA
CH23	2	2	30	18	3:30:00	07/03/25	1	1	3	0.25	0.75	NA	S_1	NA	NA	NA	NA
CH23	2	2	42	0	8:52:00	07/03/25	1	1	1	0.001	0.001	NA	S_2	NA	NA	NA	NA
CH23	2	2	42	2	11:02:00	07/03/25	1	1	1	0.037	0.037	NA	S_2	NA	NA	NA	NA
CH23	2	2	42	4	13:04:00	07/03/25	1	1	1	0.232	0.232	NA	S_2	NA	NA	NA	NA
CH23	2	2	42	6	15:11:00	07/03/25	1	1	1	0.318	0.318	NA	S_2	NA	NA	NA	NA
CH23	2	2	42	8	17:12:00	07/03/25	1	1	1	0.387	0.387	NA	S_2	NA	NA	NA	NA
CH23	2	2	42	10	19:24:00	07/03/25	1	1	2	0.259	0.518	NA	S_2	NA	NA	NA	NA
CH23	2	2	42	12	21:29:00	07/03/25	1	1	3	0.178	0.534	NA	S_2	NA	NA	NA	NA
CH23	2	2	42	14	23:36:00	07/03/25	1	1	3	0.192	0.576	NA	S_2	NA	NA	NA	NA
CH23	2	2	42	16	1:38:00	07/03/25	1	1	3	0.213	0.639	NA	S_2	NA	NA	NA	NA
CH23	2	2	42	18	3:30:00	07/03/25	1	1	3	0.241	0.723	NA	S_2	NA	NA	NA	NA
CH23	1	3	37	0	8:53:00	07/08/25	1	1	1	0.001	0.001	NA	S_1	NA	NA	NA	NA
CH23	1	3	37	2	11:00:00	07/08/25	1	1	1	0.001	0.001	NA	S_1	NA	NA	NA	NA
CH23	1	3	37	4	13:05:00	07/08/25	1	1	1	0.187	0.187	NA	S_1	NA	NA	NA	NA
CH23	1	3	37	6	15:11:00	07/08/25	1	1	1	0.327	0.327	NA	S_1	NA	NA	NA	NA
CH23	1	3	37	8	17:16:00	07/08/25	1	1	1	0.539	0.539	NA	S_1	NA	NA	NA	NA
CH23	1	3	37	10	19:41:00	07/08/25	1	1	2	0.276	0.552	NA	S_1	NA	NA	NA	NA
CH23	1	3	37	12	21:45:00	07/08/25	1	1	2	0.298	0.596	NA	S_1	NA	NA	NA	NA
CH23	1	3	37	14	23:49:00	07/08/25	1	1	3	0.2	0.6	NA	S_1	NA	NA	NA	NA
CH23	1	3	37	16	2:12:00	07/08/25	1	1	3	0.244	0.732	NA	S_1	NA	NA	NA	NA
CH23	1	3	37	18	4:20:00	07/08/25	1	1	3	0.293	0.879	NA	S_1	NA	NA	NA	NA
CH23	3	3	42	0	8:53:00	07/08/25	1	1	1	0.001	0.001	NA	S_2	NA	NA	NA	NA
CH23	3	3	42	2	11:00:00	07/08/25	1	1	1	0.034	0.034	NA	S_2	NA	NA	NA	NA
CH23	3	3	42	4	13:05:00	07/08/25	1	1	1	0.242	0.242	NA	S_2	NA	NA	NA	NA
CH23	3	3	42	6	15:11:00	07/08/25	1	1	1	0.324	0.324	NA	S_2	NA	NA	NA	NA
CH23	3	3	42	8	17:16:00	07/08/25	1	1	1	0.509	0.509	NA	S_2	NA	NA	NA	NA
CH23	3	3	42	10	19:41:00	07/08/25	1	1	2	0.224	0.448	NA	S_2	NA	NA	NA	NA
CH23	3	3	42	12	21:45:00	07/08/25	1	1	2	0.258	0.516	NA	S_2	NA	NA	NA	NA
CH23	3	3	42	14	23:49:00	07/08/25	1	1	3	0.177	0.531	NA	S_2	NA	NA	NA	NA
CH23	3	3	42	16	2:12:00	07/08/25	1	1	3	0.211	0.633	NA	S_2	NA	NA	NA	NA
CH23	3	3	42	18	4:20:00	07/08/25	1	1	3	0.21	0.63	NA	S_2	NA	NA	NA	NA
CH23	2	4	37	0	9:10:00	08/26/25	1	1	1	0.001	0.001	NA	S_2	NA	NA	NA	NA
CH23	2	4	37	2	11:10:00	08/26/25	1	1	1	0.005	0.005	NA	S_2	NA	NA	NA	NA
CH23	2	4	37	4	13:15:00	08/26/25	1	1	1	0.237	0.237	NA	S_2	NA	NA	NA	NA
CH23	2	4	37	6	15:18:00	08/26/25	1	1	1	0.31	0.31	NA	S_2	NA	NA	NA	NA
CH23	2	4	37	8	17:16:00	08/26/25	1	1	1	0.327	0.327	NA	S_2	NA	NA	NA	NA
CH23	2	4	37	10	19:43:00	08/26/25	1	1	1	0.401	0.401	NA	S_2	NA	NA	NA	NA
CH23	2	4	37	12	21:58:00	08/26/25	1	1	2	0.281	0.562	NA	S_2	NA	NA	NA	NA
CH23	2	4	37	14	0:04:00	08/26/25	1	1	2	0.279	0.558	NA	S_2	NA	NA	NA	NA
CH23	2	4	37	16	2:05:00	08/26/25	1	1	3	0.218	0.654	NA	S_2	NA	NA	NA	NA
CH23	2	4	37	18	4:10:00	08/26/25	1	1	3	0.239	0.717	NA	S_2	NA	NA	NA	NA
CH23	3	4	30	0	9:10:00	08/26/25	1	1	1	0.001	0.001	NA	B_1	NA	NA	NA	NA
CH23	3	4	30	2	11:10:00	08/26/25	1	1	1	0	0	NA	B_1	NA	NA	NA	NA
CH23	3	4	30	4	13:15:00	08/26/25	1	1	1	0.057	0.057	NA	B_1	NA	NA	NA	NA
CH23	3	4	30	6	15:18:00	08/26/25	1	1	1	0.249	0.249	NA	B_1	NA	NA	NA	NA
CH23	3	4	30	8	17:16:00	08/26/25	1	1	1	0.314	0.314	NA	B_1	NA	NA	NA	NA
CH23	3	4	30	10	19:43:00	08/26/25	1	1	1	0.394	0.394	NA	B_1	NA	NA	NA	NA
CH23	3	4	30	12	21:58:00	08/26/25	1	1	2	0.248	0.496	NA	B_1	NA	NA	NA	NA
CH23	3	4	30	14	0:04:00	08/26/25	1	1	2	0.304	0.608	NA	B_1	NA	NA	NA	NA
CH23	3	4	30	16	2:05:00	08/26/25	1	1	3	0.231	0.693	NA	B_1	NA	NA	NA	NA
CH23	3	4	30	18	4:10:00	08/26/25	1	1	3	0.278	0.834	NA	B_1	NA	NA	NA	NA
CH23	3	5	37	0	9:10:00	08/26/25	1	1	1	0.001	0.001	NA	B_2	NA	NA	NA	NA
CH23	3	5	37	2	11:10:00	08/26/25	1	1	1	0.015	0.015	NA	B_2	NA	NA	NA	NA
CH23	3	5	37	4	13:15:00	08/26/25	1	1	1	0.163	0.163	NA	B_2	NA	NA	NA	NA
CH23	3	5	37	6	15:18:00	08/26/25	1	1	1	0.299	0.299	NA	B_2	NA	NA	NA	NA
CH23	3	5	37	8	17:16:00	08/26/25	1	1	1	0.348	0.348	NA	B_2	NA	NA	NA	NA
CH23	3	5	37	10	19:43:00	08/26/25	1	1	1	0.428	0.428	NA	B_2	NA	NA	NA	NA
CH23	3	5	37	12	21:58:00	08/26/25	1	1	2	0.289	0.578	NA	B_2	NA	NA	NA	NA
CH23	3	5	37	14	0:04:00	08/26/25	1	1	2	0.32	0.64	NA	B_2	NA	NA	NA	NA
CH23	3	5	37	16	2:05:00	08/26/25	1	1	3	0.248	0.744	NA	B_2	NA	NA	NA	NA
CH23	3	5	37	18	4:10:00	08/26/25	1	1	3	0.304	0.912	NA	B_2	NA	NA	NA	NA
CH29	1	1	30	0	9:20:00	07/01/25	1	1	1	0.001	0.001	NA	S_1	NA	NA	NA	NA
CH29	1	1	30	2	11:14:00	07/01/25	1	1	1	0.012	0.012	NA	S_1	NA	NA	NA	NA
CH29	1	1	30	4	13:13:00	07/01/25	1	1	1	0.024	0.024	NA	S_1	NA	NA	NA	NA
CH29	1	1	30	6	15:05:00	07/01/25	1	1	1	0.04	0.04	NA	S_1	NA	NA	NA	NA
CH29	1	1	30	8	17:08:00	07/01/25	1	1	1	0.033	0.033	NA	S_1	NA	NA	NA	NA
CH29	1	1	30	10	19:35:00	07/01/25	1	1	1	0.041	0.041	NA	S_1	NA	NA	NA	NA
CH29	1	1	30	12	21:37:00	07/01/25	1	1	1	0.038	0.038	NA	S_1	NA	NA	NA	NA
CH29	1	1	30	14	23:47:00	07/01/25	1	1	1	0.086	0.086	NA	S_1	NA	NA	NA	NA
CH29	1	1	30	16	1:39:00	07/01/25	1	1	1	0.162	0.162	NA	S_1	NA	NA	NA	NA
CH29	1	1	30	18	3:23:00	07/01/25	1	1	1	0.283	0.283	NA	S_1	NA	NA	NA	NA
CH29	1	1	42	0	9:20:00	07/01/25	1	1	1	0.001	0.001	NA	S_2	NA	NA	NA	NA
CH29	1	1	42	2	11:14:00	07/01/25	1	1	1	0.014	0.014	NA	S_2	NA	NA	NA	NA
CH29	1	1	42	4	13:13:00	07/01/25	1	1	1	0.007	0.007	NA	S_2	NA	NA	NA	NA
CH29	1	1	42	6	15:05:00	07/01/25	1	1	1	0.027	0.027	NA	S_2	NA	NA	NA	NA
CH29	1	1	42	8	17:08:00	07/01/25	1	1	1	0.01	0.01	NA	S_2	NA	NA	NA	NA
CH29	1	1	42	10	19:35:00	07/01/25	1	1	1	0	0	NA	S_2	NA	NA	NA	NA
CH29	1	1	42	12	21:37:00	07/01/25	1	1	1	0	0	NA	S_2	NA	NA	NA	NA
CH29	1	1	42	14	23:47:00	07/01/25	1	1	1	0.013	0.013	NA	S_2	NA	NA	NA	NA
CH29	1	1	42	16	1:39:00	07/01/25	1	1	1	0.012	0.012	NA	S_2	NA	NA	NA	NA
CH29	1	1	42	18	3:23:00	07/01/25	1	1	1	0.001	0.001	NA	S_2	NA	NA	NA	NA
CH29	1	3	37	0	8:53:00	07/08/25	1	1	1	0.001	0.001	NA	S_1	NA	NA	NA	NA
CH29	1	3	37	2	11:00:00	07/08/25	1	1	1	0.001	0.001	NA	S_1	NA	NA	NA	NA
CH29	1	3	37	4	13:05:00	07/08/25	1	1	1	0.021	0.021	NA	S_1	NA	NA	NA	NA
CH29	1	3	37	6	15:11:00	07/08/25	1	1	1	0.015	0.015	NA	S_1	NA	NA	NA	NA
CH29	1	3	37	8	17:16:00	07/08/25	1	1	1	0.019	0.019	NA	S_1	NA	NA	NA	NA
CH29	1	3	37	10	19:41:00	07/08/25	1	1	1	0.047	0.047	NA	S_1	NA	NA	NA	NA
CH29	1	3	37	12	21:45:00	07/08/25	1	1	1	0.089	0.089	NA	S_1	NA	NA	NA	NA
CH29	1	3	37	14	23:49:00	07/08/25	1	1	1	0.138	0.138	NA	S_1	NA	NA	NA	NA
CH29	1	3	37	16	2:12:00	07/08/25	1	1	1	0.244	0.244	NA	S_1	NA	NA	NA	NA
CH29	1	3	37	18	4:20:00	07/08/25	1	1	1	0.321	0.321	NA	S_1	NA	NA	NA	NA
CH29	2	3	42	0	8:53:00	07/08/25	1	1	1	0.001	0.001	NA	S_2	NA	NA	NA	NA
CH29	2	3	42	2	11:00:00	07/08/25	1	1	1	0.003	0.003	NA	S_2	NA	NA	NA	NA
CH29	2	3	42	4	13:05:00	07/08/25	1	1	1	0.008	0.008	NA	S_2	NA	NA	NA	NA
CH29	2	3	42	6	15:11:00	07/08/25	1	1	1	0	0	NA	S_2	NA	NA	NA	NA
CH29	2	3	42	8	17:16:00	07/08/25	1	1	1	0.052	0.052	NA	S_2	NA	NA	NA	NA
CH29	2	3	42	10	19:41:00	07/08/25	1	1	1	0	0	NA	S_2	NA	NA	NA	NA
CH29	2	3	42	12	21:45:00	07/08/25	1	1	1	0.006	0.006	NA	S_2	NA	NA	NA	NA
CH29	2	3	42	14	23:49:00	07/08/25	1	1	1	0	0	NA	S_2	NA	NA	NA	NA
CH29	2	3	42	16	2:12:00	07/08/25	1	1	1	0	0	NA	S_2	NA	NA	NA	NA
CH29	2	3	42	18	4:20:00	07/08/25	1	1	1	0.029	0.029	NA	S_2	NA	NA	NA	NA
CH29	2	4	37	0	9:10:00	08/26/25	1	1	1	0.001	0.001	NA	S_2	NA	NA	NA	NA
CH29	2	4	37	2	11:10:00	08/26/25	1	1	1	0	0	NA	S_2	NA	NA	NA	NA
CH29	2	4	37	4	13:15:00	08/26/25	1	1	1	0	0	NA	S_2	NA	NA	NA	NA
CH29	2	4	37	6	15:18:00	08/26/25	1	1	1	0.02	0.02	NA	S_2	NA	NA	NA	NA
CH29	2	4	37	8	17:16:00	08/26/25	1	1	1	0.039	0.039	NA	S_2	NA	NA	NA	NA
CH29	2	4	37	10	19:43:00	08/26/25	1	1	1	0.065	0.065	NA	S_2	NA	NA	NA	NA
CH29	2	4	37	12	21:58:00	08/26/25	1	1	1	0.113	0.113	NA	S_2	NA	NA	NA	NA
CH29	2	4	37	14	0:04:00	08/26/25	1	1	1	0.169	0.169	NA	S_2	NA	NA	NA	NA
CH29	2	4	37	16	2:05:00	08/26/25	1	1	3	0.108	0.324	NA	S_2	NA	NA	NA	NA
CH29	2	4	37	18	4:10:00	08/26/25	1	1	3	0.155	0.465	NA	S_2	NA	NA	NA	NA
CH29	2	4	30	0	9:10:00	08/26/25	1	1	1	0.001	0.001	NA	B_1	NA	NA	NA	NA
CH29	2	4	30	2	11:10:00	08/26/25	1	1	1	0.011	0.011	NA	B_1	NA	NA	NA	NA
CH29	2	4	30	4	13:15:00	08/26/25	1	1	1	0.003	0.003	NA	B_1	NA	NA	NA	NA
CH29	2	4	30	6	15:18:00	08/26/25	1	1	1	0.014	0.014	NA	B_1	NA	NA	NA	NA
CH29	2	4	30	8	17:16:00	08/26/25	1	1	1	0.021	0.021	NA	B_1	NA	NA	NA	NA
CH29	2	4	30	10	19:43:00	08/26/25	1	1	1	0.041	0.041	NA	B_1	NA	NA	NA	NA
CH29	2	4	30	12	21:58:00	08/26/25	1	1	1	0.043	0.043	NA	B_1	NA	NA	NA	NA
CH29	2	4	30	14	0:04:00	08/26/25	1	1	1	0.124	0.124	NA	B_1	NA	NA	NA	NA
CH29	2	4	30	16	2:05:00	08/26/25	1	1	3	0.058	0.174	NA	B_1	NA	NA	NA	NA
CH29	2	4	30	18	4:10:00	08/26/25	1	1	3	0.117	0.351	NA	B_1	NA	NA	NA	NA
CH29	3	5	30	0	21:00:00	09/09/25	1	1	1	0.001	0.001	NA	B_1	NA	NA	NA	NA
CH29	3	5	30	10	7:15:00	09/10/25	2	1	1	0.042	0.042	NA	B_1	NA	NA	NA	NA
CH29	3	5	30	12	9:09:00	09/10/25	2	1	1	0.052	0.052	NA	B_1	NA	NA	NA	NA
CH29	3	5	30	14	11:06:00	09/10/25	2	1	1	0.107	0.107	NA	B_1	NA	NA	NA	NA
CH29	3	5	30	16	13:02:00	09/10/25	2	1	1	0.192	0.192	NA	B_1	NA	NA	NA	NA
CH29	3	5	30	18	15:02:00	09/10/25	2	1	1	0.257	0.257	NA	B_1	NA	NA	NA	NA
CH29	4	6	30	0	21:00:00	09/09/25	1	1	1	0.001	0.001	NA	B_1	NA	NA	NA	NA
CH29	4	6	30	10	7:15:00	09/10/25	2	1	1	0.037	0.037	NA	B_1	NA	NA	NA	NA
CH29	4	6	30	12	9:09:00	09/10/25	2	1	1	0.041	0.041	NA	B_1	NA	NA	NA	NA
CH29	4	6	30	14	11:06:00	09/10/25	2	1	1	0.082	0.082	NA	B_1	NA	NA	NA	NA
CH29	4	6	30	16	13:02:00	09/10/25	2	1	1	0.11	0.11	NA	B_1	NA	NA	NA	NA
CH29	4	6	30	18	15:02:00	09/10/25	2	1	1	0.177	0.177	NA	B_1	NA	NA	NA	NA
CH29	3	6	37	0	21:00:00	09/09/25	1	1	1	0.001	0.001	NA	S_2	NA	NA	NA	NA
CH29	3	6	37	10	7:15:00	09/10/25	2	1	1	0.052	0.052	NA	S_2	NA	NA	NA	NA
CH29	3	6	37	12	9:09:00	09/10/25	2	1	1	0.036	0.036	NA	S_2	NA	NA	NA	NA
CH29	3	6	37	14	11:06:00	09/10/25	2	1	1	0.052	0.052	NA	S_2	NA	NA	NA	NA
CH29	3	6	37	16	13:02:00	09/10/25	2	1	1	0.062	0.062	NA	S_2	NA	NA	NA	NA
CH29	3	6	37	18	15:02:00	09/10/25	2	1	1	0.095	0.095	NA	S_2	NA	NA	NA	NA
CH29	4	7	37	0	21:00:00	09/09/25	1	1	1	0.001	0.001	NA	S_2	NA	NA	NA	NA
CH29	4	7	37	10	7:15:00	09/10/25	2	1	1	0.043	0.043	NA	S_2	NA	NA	NA	NA
CH29	4	7	37	12	9:09:00	09/10/25	2	1	1	0.051	0.051	NA	S_2	NA	NA	NA	NA
CH29	4	7	37	14	11:06:00	09/10/25	2	1	1	0.042	0.042	NA	S_2	NA	NA	NA	NA
CH29	4	7	37	16	13:02:00	09/10/25	2	1	1	0.043	0.043	NA	S_2	NA	NA	NA	NA
CH29	4	7	37	18	15:02:00	09/10/25	2	1	1	0.05	0.05	NA	S_2	NA	NA	NA	NA
CH29	3	4	42	0	21:00:00	09/09/25	1	1	1	0.001	0.001	NA	S_1	NA	NA	NA	NA
CH29	3	4	42	10	7:15:00	09/10/25	2	1	1	0.011	0.011	NA	S_1	NA	NA	NA	NA
CH29	3	4	42	12	9:09:00	09/10/25	2	1	1	0.014	0.014	NA	S_1	NA	NA	NA	NA
CH29	3	4	42	14	11:06:00	09/10/25	2	1	1	0.004	0.004	NA	S_1	NA	NA	NA	NA
CH29	3	4	42	16	13:02:00	09/10/25	2	1	1	0.026	0.026	NA	S_1	NA	NA	NA	NA
CH29	3	4	42	18	15:02:00	09/10/25	2	1	1	0.009	0.009	NA	S_1	NA	NA	NA	NA
CH29	4	5	42	0	21:00:00	09/09/25	1	1	1	0.001	0.001	NA	S_1	NA	NA	NA	NA
CH29	4	5	42	10	7:15:00	09/10/25	2	1	1	0.01	0.01	NA	S_1	NA	NA	NA	NA
CH29	4	5	42	12	9:09:00	09/10/25	2	1	1	0.014	0.014	NA	S_1	NA	NA	NA	NA
CH29	4	5	42	14	11:06:00	09/10/25	2	1	1	0.004	0.004	NA	S_1	NA	NA	NA	NA
CH29	4	5	42	16	13:02:00	09/10/25	2	1	1	0.021	0.021	NA	S_1	NA	NA	NA	NA
CH29	4	5	42	18	15:02:00	09/10/25	2	1	1	0.022	0.022	NA	S_1	NA	NA	NA	NA
CH90	1	1	30	0	9:20:00	07/01/25	1	1	1	0.001	0.001	NA	S_1	NA	NA	NA	NA
CH90	1	1	30	2	11:14:00	07/01/25	1	1	1	0.013	0.013	NA	S_1	NA	NA	NA	NA
CH90	1	1	30	4	13:13:00	07/01/25	1	1	1	0.052	0.052	NA	S_1	NA	NA	NA	NA
CH90	1	1	30	6	15:05:00	07/01/25	1	1	1	0.359	0.359	NA	S_1	NA	NA	NA	NA
CH90	1	1	30	8	17:08:00	07/01/25	1	1	1	0.406	0.406	NA	S_1	NA	NA	NA	NA
CH90	1	1	30	10	19:35:00	07/01/25	1	1	2	0.27	0.54	NA	S_1	NA	NA	NA	NA
CH90	1	1	30	12	21:37:00	07/01/25	1	1	2	0.316	0.632	NA	S_1	NA	NA	NA	NA
CH90	1	1	30	14	23:47:00	07/01/25	1	1	3	0.242	0.726	NA	S_1	NA	NA	NA	NA
CH90	1	1	30	16	1:39:00	07/01/25	1	1	3	0.299	0.897	NA	S_1	NA	NA	NA	NA
CH90	1	1	30	18	3:23:00	07/01/25	1	1	3	0.319	0.957	NA	S_1	NA	NA	NA	NA
CH90	1	1	42	0	9:20:00	07/01/25	1	1	1	0.001	0.001	NA	S_2	NA	NA	NA	NA
CH90	1	1	42	2	11:14:00	07/01/25	1	1	1	0.033	0.033	NA	S_2	NA	NA	NA	NA
CH90	1	1	42	4	13:13:00	07/01/25	1	1	1	0.338	0.338	NA	S_2	NA	NA	NA	NA
CH90	1	1	42	6	15:05:00	07/01/25	1	1	1	0.489	0.489	NA	S_2	NA	NA	NA	NA
CH90	1	1	42	8	17:08:00	07/01/25	1	1	1	0.527	0.527	NA	S_2	NA	NA	NA	NA
CH90	1	1	42	10	19:35:00	07/01/25	1	1	2	0.361	0.722	NA	S_2	NA	NA	NA	NA
CH90	1	1	42	12	21:37:00	07/01/25	1	1	2	0.429	0.858	NA	S_2	NA	NA	NA	NA
CH90	1	1	42	14	23:47:00	07/01/25	1	1	3	0.337	1.011	NA	S_2	NA	NA	NA	NA
CH90	1	1	42	16	1:39:00	07/01/25	1	1	3	0.372	1.116	NA	S_2	NA	NA	NA	NA
CH90	1	1	42	18	3:23:00	07/01/25	1	1	3	0.409	1.227	NA	S_2	NA	NA	NA	NA
CH90	2	2	30	0	8:52:00	07/03/25	1	1	1	0.001	0.001	NA	S_1	NA	NA	NA	NA
CH90	2	2	30	2	11:02:00	07/03/25	1	1	1	0.0018	0.0018	NA	S_1	NA	NA	NA	NA
CH90	2	2	30	4	13:04:00	07/03/25	1	1	1	0.062	0.062	NA	S_1	NA	NA	NA	NA
CH90	2	2	30	6	15:11:00	07/03/25	1	1	1	0.322	0.322	NA	S_1	NA	NA	NA	NA
CH90	2	2	30	8	17:12:00	07/03/25	1	1	1	0.432	0.432	NA	S_1	NA	NA	NA	NA
CH90	2	2	30	10	19:24:00	07/03/25	1	1	2	0.283	0.566	NA	S_1	NA	NA	NA	NA
CH90	2	2	30	12	21:29:00	07/03/25	1	1	3	0.234	0.702	NA	S_1	NA	NA	NA	NA
CH90	2	2	30	14	23:36:00	07/03/25	1	1	3	0.254	0.762	NA	S_1	NA	NA	NA	NA
CH90	2	2	30	16	1:38:00	07/03/25	1	1	3	0.285	0.855	NA	S_1	NA	NA	NA	NA
CH90	2	2	30	18	3:30:00	07/03/25	1	1	3	0.321	0.963	NA	S_1	NA	NA	NA	NA
CH90	2	2	42	0	8:52:00	07/03/25	1	1	1	0.001	0.001	NA	S_2	NA	NA	NA	NA
CH90	2	2	42	2	11:02:00	07/03/25	1	1	1	0.046	0.046	NA	S_2	NA	NA	NA	NA
CH90	2	2	42	4	13:04:00	07/03/25	1	1	1	0.335	0.335	NA	S_2	NA	NA	NA	NA
CH90	2	2	42	6	15:11:00	07/03/25	1	1	1	0.434	0.434	NA	S_2	NA	NA	NA	NA
CH90	2	2	42	8	17:12:00	07/03/25	1	1	1	0.528	0.528	NA	S_2	NA	NA	NA	NA
CH90	2	2	42	10	19:24:00	07/03/25	1	1	2	0.352	0.704	NA	S_2	NA	NA	NA	NA
CH90	2	2	42	12	21:29:00	07/03/25	1	1	3	0.235	0.705	NA	S_2	NA	NA	NA	NA
CH90	2	2	42	14	23:36:00	07/03/25	1	1	3	0.282	0.846	NA	S_2	NA	NA	NA	NA
CH90	2	2	42	16	1:38:00	07/03/25	1	1	3	0.306	0.918	NA	S_2	NA	NA	NA	NA
CH90	2	2	42	18	3:30:00	07/03/25	1	1	3	0.339	1.017	NA	S_2	NA	NA	NA	NA
CH90	1	3	37	0	8:53:00	07/08/25	1	1	1	0.001	0.001	NA	S_1	NA	NA	NA	NA
CH90	1	3	37	2	11:00:00	07/08/25	1	1	1	0.012	0.012	NA	S_1	NA	NA	NA	NA
CH90	1	3	37	4	13:05:00	07/08/25	1	1	1	0.269	0.269	NA	S_1	NA	NA	NA	NA
CH90	1	3	37	6	15:11:00	07/08/25	1	1	1	0.366	0.366	NA	S_1	NA	NA	NA	NA
CH90	1	3	37	8	17:16:00	07/08/25	1	1	1	0.553	0.553	NA	S_1	NA	NA	NA	NA
CH90	1	3	37	10	19:41:00	07/08/25	1	1	2	0.337	0.674	NA	S_1	NA	NA	NA	NA
CH90	1	3	37	12	21:45:00	07/08/25	1	1	2	0.42	0.84	NA	S_1	NA	NA	NA	NA
CH90	1	3	37	14	23:49:00	07/08/25	1	1	3	0.294	0.882	NA	S_1	NA	NA	NA	NA
CH90	1	3	37	16	2:12:00	07/08/25	1	1	3	0.306	0.918	NA	S_1	NA	NA	NA	NA
CH90	1	3	37	18	4:20:00	07/08/25	1	1	3	0.351	1.053	NA	S_1	NA	NA	NA	NA
CH90	3	3	42	0	8:53:00	07/08/25	1	1	1	0.001	0.001	NA	S_2	NA	NA	NA	NA
CH90	3	3	42	2	11:00:00	07/08/25	1	1	1	0.034	0.034	NA	S_2	NA	NA	NA	NA
CH90	3	3	42	4	13:05:00	07/08/25	1	1	1	0.314	0.314	NA	S_2	NA	NA	NA	NA
CH90	3	3	42	6	15:11:00	07/08/25	1	1	1	0.429	0.429	NA	S_2	NA	NA	NA	NA
CH90	3	3	42	8	17:16:00	07/08/25	1	1	1	0.571	0.571	NA	S_2	NA	NA	NA	NA
CH90	3	3	42	10	19:41:00	07/08/25	1	1	2	0.35	0.7	NA	S_2	NA	NA	NA	NA
CH90	3	3	42	12	21:45:00	07/08/25	1	1	2	0.417	0.834	NA	S_2	NA	NA	NA	NA
CH90	3	3	42	14	23:49:00	07/08/25	1	1	3	0.281	0.843	NA	S_2	NA	NA	NA	NA
CH90	3	3	42	16	2:12:00	07/08/25	1	1	3	0.312	0.936	NA	S_2	NA	NA	NA	NA
CH90	3	3	42	18	4:20:00	07/08/25	1	1	3	0.349	1.047	NA	S_2	NA	NA	NA	NA
CH90	2	4	37	0	9:10:00	08/26/25	1	1	1	0.001	0.001	NA	S_2	NA	NA	NA	NA
CH90	2	4	37	2	11:10:00	08/26/25	1	1	1	0	0	NA	S_2	NA	NA	NA	NA
CH90	2	4	37	4	13:15:00	08/26/25	1	1	1	0.319	0.319	NA	S_2	NA	NA	NA	NA
CH90	2	4	37	6	15:18:00	08/26/25	1	1	1	0.461	0.461	NA	S_2	NA	NA	NA	NA
CH90	2	4	37	8	17:16:00	08/26/25	1	1	1	0.535	0.535	NA	S_2	NA	NA	NA	NA
CH90	2	4	37	10	19:43:00	08/26/25	1	1	1	0.646	0.646	NA	S_2	NA	NA	NA	NA
CH90	2	4	37	12	21:58:00	08/26/25	1	1	2	0.411	0.822	NA	S_2	NA	NA	NA	NA
CH90	2	4	37	14	0:04:00	08/26/25	1	1	2	0.47	0.94	NA	S_2	NA	NA	NA	NA
CH90	2	4	37	16	2:05:00	08/26/25	1	1	3	0.407	1.221	NA	S_2	NA	NA	NA	NA
CH90	2	4	37	18	4:10:00	08/26/25	1	1	3	0.457	1.371	NA	S_2	NA	NA	NA	NA
CH90	3	4	30	0	9:10:00	08/26/25	1	1	1	0.001	0.001	NA	B_1	NA	NA	NA	NA
CH90	3	4	30	2	11:10:00	08/26/25	1	1	1	0	0	NA	B_1	NA	NA	NA	NA
CH90	3	4	30	4	13:15:00	08/26/25	1	1	1	0.039	0.039	NA	B_1	NA	NA	NA	NA
CH90	3	4	30	6	15:18:00	08/26/25	1	1	1	0.314	0.314	NA	B_1	NA	NA	NA	NA
CH90	3	4	30	8	17:16:00	08/26/25	1	1	1	0.392	0.392	NA	B_1	NA	NA	NA	NA
CH90	3	4	30	10	19:43:00	08/26/25	1	1	1	0.514	0.514	NA	B_1	NA	NA	NA	NA
CH90	3	4	30	12	21:58:00	08/26/25	1	1	2	0.345	0.69	NA	B_1	NA	NA	NA	NA
CH90	3	4	30	14	0:04:00	08/26/25	1	1	2	0.409	0.818	NA	B_1	NA	NA	NA	NA
CH90	3	4	30	16	2:05:00	08/26/25	1	1	3	0.338	1.014	NA	B_1	NA	NA	NA	NA
CH90	3	4	30	18	4:10:00	08/26/25	1	1	3	0.396	1.188	NA	B_1	NA	NA	NA	NA
CH90	3	5	37	0	9:10:00	08/26/25	1	1	1	0.001	0.001	NA	B_2	NA	NA	NA	NA
CH90	3	5	37	2	11:10:00	08/26/25	1	1	1	0.009	0.009	NA	B_2	NA	NA	NA	NA
CH90	3	5	37	4	13:15:00	08/26/25	1	1	1	0.236	0.236	NA	B_2	NA	NA	NA	NA
CH90	3	5	37	6	15:18:00	08/26/25	1	1	1	0.406	0.406	NA	B_2	NA	NA	NA	NA
CH90	3	5	37	8	17:16:00	08/26/25	1	1	1	0.444	0.444	NA	B_2	NA	NA	NA	NA
CH90	3	5	37	10	19:43:00	08/26/25	1	1	1	0.547	0.547	NA	B_2	NA	NA	NA	NA
CH90	3	5	37	12	21:58:00	08/26/25	1	1	2	0.363	0.726	NA	B_2	NA	NA	NA	NA
CH90	3	5	37	14	0:04:00	08/26/25	1	1	2	0.422	0.844	NA	B_2	NA	NA	NA	NA
CH90	3	5	37	16	2:05:00	08/26/25	1	1	3	0.336	1.008	NA	B_2	NA	NA	NA	NA
CH90	3	5	37	18	4:10:00	08/26/25	1	1	3	0.372	1.116	NA	B_2	NA	NA	NA	NA
CH99b	1	1	30	0	9:20:00	07/01/25	1	1	1	0.001	0.001	NA	S_1	NA	NA	NA	NA
CH99b	1	1	30	2	11:14:00	07/01/25	1	1	1	0.014	0.014	NA	S_1	NA	NA	NA	NA
CH99b	1	1	30	4	13:13:00	07/01/25	1	1	1	0.061	0.061	NA	S_1	NA	NA	NA	NA
CH99b	1	1	30	6	15:05:00	07/01/25	1	1	1	0.252	0.252	NA	S_1	NA	NA	NA	NA
CH99b	1	1	30	8	17:08:00	07/01/25	1	1	1	0.493	0.493	NA	S_1	NA	NA	NA	NA
CH99b	1	1	30	10	19:35:00	07/01/25	1	1	2	0.449	0.898	NA	S_1	NA	NA	NA	NA
CH99b	1	1	30	12	21:37:00	07/01/25	1	1	2	0.539	1.078	NA	S_1	NA	NA	NA	NA
CH99b	1	1	30	14	23:47:00	07/01/25	1	1	3	0.489	1.467	NA	S_1	NA	NA	NA	NA
CH99b	1	1	30	16	1:39:00	07/01/25	1	1	3	0.55	1.65	NA	S_1	NA	NA	NA	NA
CH99b	1	1	30	18	3:23:00	07/01/25	1	1	3	0.579	1.737	NA	S_1	NA	NA	NA	NA
CH99b	1	1	42	0	9:20:00	07/01/25	1	1	1	0.001	0.001	NA	S_2	NA	NA	NA	NA
CH99b	1	1	42	2	11:14:00	07/01/25	1	1	1	0.019	0.019	NA	S_2	NA	NA	NA	NA
CH99b	1	1	42	4	13:13:00	07/01/25	1	1	1	0.048	0.048	NA	S_2	NA	NA	NA	NA
CH99b	1	1	42	6	15:05:00	07/01/25	1	1	1	0.163	0.163	NA	S_2	NA	NA	NA	NA
CH99b	1	1	42	8	17:08:00	07/01/25	1	1	1	0.239	0.239	NA	S_2	NA	NA	NA	NA
CH99b	1	1	42	10	19:35:00	07/01/25	1	1	2	0.171	0.342	NA	S_2	NA	NA	NA	NA
CH99b	1	1	42	12	21:37:00	07/01/25	1	1	2	0.223	0.446	NA	S_2	NA	NA	NA	NA
CH99b	1	1	42	14	23:47:00	07/01/25	1	1	3	0.194	0.582	NA	S_2	NA	NA	NA	NA
CH99b	1	1	42	16	1:39:00	07/01/25	1	1	3	0.224	0.672	NA	S_2	NA	NA	NA	NA
CH99b	1	1	42	18	3:23:00	07/01/25	1	1	3	0.263	0.789	NA	S_2	NA	NA	NA	NA
CH99b	2	2	30	0	8:52:00	07/03/25	1	1	1	0.001	0.001	NA	S_1	NA	NA	NA	NA
CH99b	2	2	30	2	11:02:00	07/03/25	1	1	1	0.009	0.009	NA	S_1	NA	NA	NA	NA
CH99b	2	2	30	4	13:04:00	07/03/25	1	1	1	0.053	0.053	NA	S_1	NA	NA	NA	NA
CH99b	2	2	30	6	15:11:00	07/03/25	1	1	1	0.242	0.242	NA	S_1	NA	NA	NA	NA
CH99b	2	2	30	8	17:12:00	07/03/25	1	1	1	0.481	0.481	NA	S_1	NA	NA	NA	NA
CH99b	2	2	30	10	19:24:00	07/03/25	1	1	2	0.408	0.816	NA	S_1	NA	NA	NA	NA
CH99b	2	2	30	12	21:29:00	07/03/25	1	1	3	0.382	1.146	NA	S_1	NA	NA	NA	NA
CH99b	2	2	30	14	23:36:00	07/03/25	1	1	3	0.45	1.35	NA	S_1	NA	NA	NA	NA
CH99b	2	2	30	16	1:38:00	07/03/25	1	1	3	0.49	1.47	NA	S_1	NA	NA	NA	NA
CH99b	2	2	30	18	3:30:00	07/03/25	1	1	3	0.546	1.638	NA	S_1	NA	NA	NA	NA
CH99b	2	2	42	0	8:52:00	07/03/25	1	1	1	0.001	0.001	NA	S_2	NA	NA	NA	NA
CH99b	2	2	42	2	11:02:00	07/03/25	1	1	1	0.01	0.01	NA	S_2	NA	NA	NA	NA
CH99b	2	2	42	4	13:04:00	07/03/25	1	1	1	0.051	0.051	NA	S_2	NA	NA	NA	NA
CH99b	2	2	42	6	15:11:00	07/03/25	1	1	1	0.151	0.151	NA	S_2	NA	NA	NA	NA
CH99b	2	2	42	8	17:12:00	07/03/25	1	1	1	0.278	0.278	NA	S_2	NA	NA	NA	NA
CH99b	2	2	42	10	19:24:00	07/03/25	1	1	2	0.309	0.618	NA	S_2	NA	NA	NA	NA
CH99b	2	2	42	12	21:29:00	07/03/25	1	1	3	0.245	0.735	NA	S_2	NA	NA	NA	NA
CH99b	2	2	42	14	23:36:00	07/03/25	1	1	3	0.281	0.843	NA	S_2	NA	NA	NA	NA
CH99b	2	2	42	16	1:38:00	07/03/25	1	1	3	0.317	0.951	NA	S_2	NA	NA	NA	NA
CH99b	2	2	42	18	3:30:00	07/03/25	1	1	3	0.344	1.032	NA	S_2	NA	NA	NA	NA
CH99b	1	3	37	0	8:53:00	07/08/25	1	1	1	0.001	0.001	NA	S_1	NA	NA	NA	NA
CH99b	1	3	37	2	11:00:00	07/08/25	1	1	1	0.002	0.002	NA	S_1	NA	NA	NA	NA
CH99b	1	3	37	4	13:05:00	07/08/25	1	1	1	0.116	0.116	NA	S_1	NA	NA	NA	NA
CH99b	1	3	37	6	15:11:00	07/08/25	1	1	1	0.359	0.359	NA	S_1	NA	NA	NA	NA
CH99b	1	3	37	8	17:16:00	07/08/25	1	1	1	0.572	0.572	NA	S_1	NA	NA	NA	NA
CH99b	1	3	37	10	19:41:00	07/08/25	1	1	2	0.472	0.944	NA	S_1	NA	NA	NA	NA
CH99b	1	3	37	12	21:45:00	07/08/25	1	1	2	0.539	1.078	NA	S_1	NA	NA	NA	NA
CH99b	1	3	37	14	23:49:00	07/08/25	1	1	3	0.426	1.278	NA	S_1	NA	NA	NA	NA
CH99b	1	3	37	16	2:12:00	07/08/25	1	1	3	0.482	1.446	NA	S_1	NA	NA	NA	NA
CH99b	1	3	37	18	4:20:00	07/08/25	1	1	3	0.54	1.62	NA	S_1	NA	NA	NA	NA
CH99b	3	3	42	0	8:53:00	07/08/25	1	1	1	0.001	0.001	NA	S_2	NA	NA	NA	NA
CH99b	3	3	42	2	11:00:00	07/08/25	1	1	1	0.004	0.004	NA	S_2	NA	NA	NA	NA
CH99b	3	3	42	4	13:05:00	07/08/25	1	1	1	0.057	0.057	NA	S_2	NA	NA	NA	NA
CH99b	3	3	42	6	15:11:00	07/08/25	1	1	1	0.133	0.133	NA	S_2	NA	NA	NA	NA
CH99b	3	3	42	8	17:16:00	07/08/25	1	1	1	0.262	0.262	NA	S_2	NA	NA	NA	NA
CH99b	3	3	42	10	19:41:00	07/08/25	1	1	2	0.152	0.304	NA	S_2	NA	NA	NA	NA
CH99b	3	3	42	12	21:45:00	07/08/25	1	1	2	0.202	0.404	NA	S_2	NA	NA	NA	NA
CH99b	3	3	42	14	23:49:00	07/08/25	1	1	3	0.137	0.411	NA	S_2	NA	NA	NA	NA
CH99b	3	3	42	16	2:12:00	07/08/25	1	1	3	0.175	0.525	NA	S_2	NA	NA	NA	NA
CH99b	3	3	42	18	4:20:00	07/08/25	1	1	3	0.217	0.651	NA	S_2	NA	NA	NA	NA
CH99b	2	4	37	0	9:10:00	08/26/25	1	1	1	0.001	0.001	NA	S_2	NA	NA	NA	NA
CH99b	2	4	37	2	11:10:00	08/26/25	1	1	1	0	0	NA	S_2	NA	NA	NA	NA
CH99b	2	4	37	4	13:15:00	08/26/25	1	1	1	0.095	0.095	NA	S_2	NA	NA	NA	NA
CH99b	2	4	37	6	15:18:00	08/26/25	1	1	1	0.378	0.378	NA	S_2	NA	NA	NA	NA
CH99b	2	4	37	8	17:16:00	08/26/25	1	1	1	0.573	0.573	NA	S_2	NA	NA	NA	NA
CH99b	2	4	37	10	19:43:00	08/26/25	1	1	1	0.68	0.68	NA	S_2	NA	NA	NA	NA
CH99b	2	4	37	12	21:58:00	08/26/25	1	1	2	0.553	1.106	NA	S_2	NA	NA	NA	NA
CH99b	2	4	37	14	0:04:00	08/26/25	1	1	2	0.624	1.248	NA	S_2	NA	NA	NA	NA
CH99b	2	4	37	16	2:05:00	08/26/25	1	1	3	0.546	1.638	NA	S_2	NA	NA	NA	NA
CH99b	2	4	37	18	4:10:00	08/26/25	1	1	3	0.556	1.668	NA	S_2	NA	NA	NA	NA
CH99b	3	4	30	0	9:10:00	08/26/25	1	1	1	0.001	0.001	NA	B_1	NA	NA	NA	NA
CH99b	3	4	30	2	11:10:00	08/26/25	1	1	1	0	0	NA	B_1	NA	NA	NA	NA
CH99b	3	4	30	4	13:15:00	08/26/25	1	1	1	0.051	0.051	NA	B_1	NA	NA	NA	NA
CH99b	3	4	30	6	15:18:00	08/26/25	1	1	1	0.288	0.288	NA	B_1	NA	NA	NA	NA
CH99b	3	4	30	8	17:16:00	08/26/25	1	1	1	0.485	0.485	NA	B_1	NA	NA	NA	NA
CH99b	3	4	30	10	19:43:00	08/26/25	1	1	1	0.656	0.656	NA	B_1	NA	NA	NA	NA
CH99b	3	4	30	12	21:58:00	08/26/25	1	1	2	0.573	1.146	NA	B_1	NA	NA	NA	NA
CH99b	3	4	30	14	0:04:00	08/26/25	1	1	2	0.637	1.274	NA	B_1	NA	NA	NA	NA
CH99b	3	4	30	16	2:05:00	08/26/25	1	1	3	0.548	1.644	NA	B_1	NA	NA	NA	NA
CH99b	3	4	30	18	4:10:00	08/26/25	1	1	3	0.605	1.815	NA	B_1	NA	NA	NA	NA
CH99b	3	5	37	0	9:10:00	08/26/25	1	1	1	0.001	0.001	NA	B_2	NA	NA	NA	NA
CH99b	3	5	37	2	11:10:00	08/26/25	1	1	1	0.009	0.009	NA	B_2	NA	NA	NA	NA
CH99b	3	5	37	4	13:15:00	08/26/25	1	1	1	0.184	0.184	NA	B_2	NA	NA	NA	NA
CH99b	3	5	37	6	15:18:00	08/26/25	1	1	1	0.392	0.392	NA	B_2	NA	NA	NA	NA
CH99b	3	5	37	8	17:16:00	08/26/25	1	1	1	0.571	0.571	NA	B_2	NA	NA	NA	NA
CH99b	3	5	37	10	19:43:00	08/26/25	1	1	1	0.671	0.671	NA	B_2	NA	NA	NA	NA
CH99b	3	5	37	12	21:58:00	08/26/25	1	1	2	0.538	1.076	NA	B_2	NA	NA	NA	NA
CH99b	3	5	37	14	0:04:00	08/26/25	1	1	2	0.612	1.224	NA	B_2	NA	NA	NA	NA
CH99b	3	5	37	16	2:05:00	08/26/25	1	1	3	0.51	1.53	NA	B_2	NA	NA	NA	NA
CH99b	3	5	37	18	4:10:00	08/26/25	1	1	3	0.561	1.683	NA	B_2	NA	NA	NA	NA
CH111	1	1	30	0	9:20:00	07/01/25	1	1	1	0.001	0.001	NA	S_1	NA	NA	NA	NA
CH111	1	1	30	2	11:14:00	07/01/25	1	1	1	0.023	0.023	NA	S_1	NA	NA	NA	NA
CH111	1	1	30	4	13:13:00	07/01/25	1	1	1	0.29	0.29	NA	S_1	NA	NA	NA	NA
CH111	1	1	30	6	15:05:00	07/01/25	1	1	1	0.443	0.443	NA	S_1	NA	NA	NA	NA
CH111	1	1	30	8	17:08:00	07/01/25	1	1	1	0.494	0.494	NA	S_1	NA	NA	NA	NA
CH111	1	1	30	10	19:35:00	07/01/25	1	1	2	0.392	0.784	NA	S_1	NA	NA	NA	NA
CH111	1	1	30	12	21:37:00	07/01/25	1	1	2	0.453	0.906	NA	S_1	NA	NA	NA	NA
CH111	1	1	30	14	23:47:00	07/01/25	1	1	3	0.381	1.143	NA	S_1	NA	NA	NA	NA
CH111	1	1	30	16	1:39:00	07/01/25	1	1	3	0.41	1.23	NA	S_1	NA	NA	NA	NA
CH111	1	1	30	18	3:23:00	07/01/25	1	1	3	0.449	1.347	NA	S_1	NA	NA	NA	NA
CH111	1	1	42	0	9:20:00	07/01/25	1	1	1	0.001	0.001	NA	S_2	NA	NA	NA	NA
CH111	1	1	42	2	11:14:00	07/01/25	1	1	1	0.056	0.056	NA	S_2	NA	NA	NA	NA
CH111	1	1	42	4	13:13:00	07/01/25	1	1	1	0.357	0.357	NA	S_2	NA	NA	NA	NA
CH111	1	1	42	6	15:05:00	07/01/25	1	1	1	0.425	0.425	NA	S_2	NA	NA	NA	NA
CH111	1	1	42	8	17:08:00	07/01/25	1	1	1	0.538	0.538	NA	S_2	NA	NA	NA	NA
CH111	1	1	42	10	19:35:00	07/01/25	1	1	2	0.435	0.87	NA	S_2	NA	NA	NA	NA
CH111	1	1	42	12	21:37:00	07/01/25	1	1	2	0.496	0.992	NA	S_2	NA	NA	NA	NA
CH111	1	1	42	14	23:47:00	07/01/25	1	1	3	0.4	1.2	NA	S_2	NA	NA	NA	NA
CH111	1	1	42	16	1:39:00	07/01/25	1	1	3	0.441	1.323	NA	S_2	NA	NA	NA	NA
CH111	1	1	42	18	3:23:00	07/01/25	1	1	3	0.481	1.443	NA	S_2	NA	NA	NA	NA
CH111	2	2	30	0	8:52:00	07/03/25	1	1	1	0.001	0.001	NA	S_1	NA	NA	NA	NA
CH111	2	2	30	2	11:02:00	07/03/25	1	1	1	0.015	0.015	NA	S_1	NA	NA	NA	NA
CH111	2	2	30	4	13:04:00	07/03/25	1	1	1	0.07	0.07	NA	S_1	NA	NA	NA	NA
CH111	2	2	30	6	15:11:00	07/03/25	1	1	1	0.4	0.4	NA	S_1	NA	NA	NA	NA
CH111	2	2	30	8	17:12:00	07/03/25	1	1	1	0.488	0.488	NA	S_1	NA	NA	NA	NA
CH111	2	2	30	10	19:24:00	07/03/25	1	1	2	0.359	0.718	NA	S_1	NA	NA	NA	NA
CH111	2	2	30	12	21:29:00	07/03/25	1	1	3	0.322	0.966	NA	S_1	NA	NA	NA	NA
CH111	2	2	30	14	23:36:00	07/03/25	1	1	3	0.372	1.116	NA	S_1	NA	NA	NA	NA
CH111	2	2	30	16	1:38:00	07/03/25	1	1	3	0.377	1.131	NA	S_1	NA	NA	NA	NA
CH111	2	2	30	18	3:30:00	07/03/25	1	1	3	0.427	1.281	NA	S_1	NA	NA	NA	NA
CH111	2	2	42	0	8:52:00	07/03/25	1	1	1	0.001	0.001	NA	S_2	NA	NA	NA	NA
CH111	2	2	42	2	11:02:00	07/03/25	1	1	1	0.024	0.024	NA	S_2	NA	NA	NA	NA
CH111	2	2	42	4	13:04:00	07/03/25	1	1	1	0.332	0.332	NA	S_2	NA	NA	NA	NA
CH111	2	2	42	6	15:11:00	07/03/25	1	1	1	0.421	0.421	NA	S_2	NA	NA	NA	NA
CH111	2	2	42	8	17:12:00	07/03/25	1	1	1	0.522	0.522	NA	S_2	NA	NA	NA	NA
CH111	2	2	42	10	19:24:00	07/03/25	1	1	2	0.402	0.804	NA	S_2	NA	NA	NA	NA
CH111	2	2	42	12	21:29:00	07/03/25	1	1	3	0.31	0.93	NA	S_2	NA	NA	NA	NA
CH111	2	2	42	14	23:36:00	07/03/25	1	1	3	0.449	1.347	NA	S_2	NA	NA	NA	NA
CH111	2	2	42	16	1:38:00	07/03/25	1	1	3	0.402	1.206	NA	S_2	NA	NA	NA	NA
CH111	2	2	42	18	3:30:00	07/03/25	1	1	3	0.431	1.293	NA	S_2	NA	NA	NA	NA
CH111	1	3	37	0	8:53:00	07/08/25	1	1	1	0.001	0.001	NA	S_1	NA	NA	NA	NA
CH111	1	3	37	2	11:00:00	07/08/25	1	1	1	0.037	0.037	NA	S_1	NA	NA	NA	NA
CH111	1	3	37	4	13:05:00	07/08/25	1	1	1	0.381	0.381	NA	S_1	NA	NA	NA	NA
CH111	1	3	37	6	15:11:00	07/08/25	1	1	1	0.454	0.454	NA	S_1	NA	NA	NA	NA
CH111	1	3	37	8	17:16:00	07/08/25	1	1	1	0.521	0.521	NA	S_1	NA	NA	NA	NA
CH111	1	3	37	10	19:41:00	07/08/25	1	1	2	0.377	0.754	NA	S_1	NA	NA	NA	NA
CH111	1	3	37	12	21:45:00	07/08/25	1	1	2	0.433	0.866	NA	S_1	NA	NA	NA	NA
CH111	1	3	37	14	23:49:00	07/08/25	1	1	3	0.297	0.891	NA	S_1	NA	NA	NA	NA
CH111	1	3	37	16	2:12:00	07/08/25	1	1	3	0.345	1.035	NA	S_1	NA	NA	NA	NA
CH111	1	3	37	18	4:20:00	07/08/25	1	1	3	0.404	1.212	NA	S_1	NA	NA	NA	NA
CH111	3	3	42	0	8:53:00	07/08/25	1	1	1	0.001	0.001	NA	S_2	NA	NA	NA	NA
CH111	3	3	42	2	11:00:00	07/08/25	1	1	1	0.053	0.053	NA	S_2	NA	NA	NA	NA
CH111	3	3	42	4	13:05:00	07/08/25	1	1	1	0.354	0.354	NA	S_2	NA	NA	NA	NA
CH111	3	3	42	6	15:11:00	07/08/25	1	1	1	0.453	0.453	NA	S_2	NA	NA	NA	NA
CH111	3	3	42	8	17:16:00	07/08/25	1	1	1	0.529	0.529	NA	S_2	NA	NA	NA	NA
CH111	3	3	42	10	19:41:00	07/08/25	1	1	2	0.384	0.768	NA	S_2	NA	NA	NA	NA
CH111	3	3	42	12	21:45:00	07/08/25	1	1	2	0.412	0.824	NA	S_2	NA	NA	NA	NA
CH111	3	3	42	14	23:49:00	07/08/25	1	1	3	0.327	0.981	NA	S_2	NA	NA	NA	NA
CH111	3	3	42	16	2:12:00	07/08/25	1	1	3	0.432	1.296	NA	S_2	NA	NA	NA	NA
CH111	3	3	42	18	4:20:00	07/08/25	1	1	3	0.437	1.311	NA	S_2	NA	NA	NA	NA
CH111	2	4	37	0	9:10:00	08/26/25	1	1	1	0.001	0.001	NA	S_2	NA	NA	NA	NA
CH111	2	4	37	2	11:10:00	08/26/25	1	1	1	0.03	0.03	NA	S_2	NA	NA	NA	NA
CH111	2	4	37	4	13:15:00	08/26/25	1	1	1	0.425	0.425	NA	S_2	NA	NA	NA	NA
CH111	2	4	37	6	15:18:00	08/26/25	1	1	1	0.486	0.486	NA	S_2	NA	NA	NA	NA
CH111	2	4	37	8	17:16:00	08/26/25	1	1	1	0.55	0.55	NA	S_2	NA	NA	NA	NA
CH111	2	4	37	10	19:43:00	08/26/25	1	1	1	0.568	0.568	NA	S_2	NA	NA	NA	NA
CH111	2	4	37	12	21:58:00	08/26/25	1	1	2	0.411	0.822	NA	S_2	NA	NA	NA	NA
CH111	2	4	37	14	0:04:00	08/26/25	1	1	2	0.459	0.918	NA	S_2	NA	NA	NA	NA
CH111	2	4	37	16	2:05:00	08/26/25	1	1	3	0.378	1.134	NA	S_2	NA	NA	NA	NA
CH111	2	4	37	18	4:10:00	08/26/25	1	1	3	0.423	1.269	NA	S_2	NA	NA	NA	NA
CH111	3	4	30	0	9:10:00	08/26/25	1	1	1	0.001	0.001	NA	B_1	NA	NA	NA	NA
CH111	3	4	30	2	11:10:00	08/26/25	1	1	1	0.017	0.017	NA	B_1	NA	NA	NA	NA
CH111	3	4	30	4	13:15:00	08/26/25	1	1	1	0.201	0.201	NA	B_1	NA	NA	NA	NA
CH111	3	4	30	6	15:18:00	08/26/25	1	1	1	0.448	0.448	NA	B_1	NA	NA	NA	NA
CH111	3	4	30	8	17:16:00	08/26/25	1	1	1	0.505	0.505	NA	B_1	NA	NA	NA	NA
CH111	3	4	30	10	19:43:00	08/26/25	1	1	1	0.593	0.593	NA	B_1	NA	NA	NA	NA
CH111	3	4	30	12	21:58:00	08/26/25	1	1	2	0.454	0.908	NA	B_1	NA	NA	NA	NA
CH111	3	4	30	14	0:04:00	08/26/25	1	1	2	0.498	0.996	NA	B_1	NA	NA	NA	NA
CH111	3	4	30	16	2:05:00	08/26/25	1	1	3	0.423	1.269	NA	B_1	NA	NA	NA	NA
CH111	3	4	30	18	4:10:00	08/26/25	1	1	3	0.467	1.401	NA	B_1	NA	NA	NA	NA
CH111	3	5	37	0	9:10:00	08/26/25	1	1	1	0.001	0.001	NA	B_2	NA	NA	NA	NA
CH111	3	5	37	2	11:10:00	08/26/25	1	1	1	0.024	0.024	NA	B_2	NA	NA	NA	NA
CH111	3	5	37	4	13:15:00	08/26/25	1	1	1	0.352	0.352	NA	B_2	NA	NA	NA	NA
CH111	3	5	37	6	15:18:00	08/26/25	1	1	1	0.459	0.459	NA	B_2	NA	NA	NA	NA
CH111	3	5	37	8	17:16:00	08/26/25	1	1	1	0.51	0.51	NA	B_2	NA	NA	NA	NA
CH111	3	5	37	10	19:43:00	08/26/25	1	1	1	0.578	0.578	NA	B_2	NA	NA	NA	NA
CH111	3	5	37	12	21:58:00	08/26/25	1	1	2	0.4	0.8	NA	B_2	NA	NA	NA	NA
CH111	3	5	37	14	0:04:00	08/26/25	1	1	2	0.443	0.886	NA	B_2	NA	NA	NA	NA
CH111	3	5	37	16	2:05:00	08/26/25	1	1	3	0.368	1.104	NA	B_2	NA	NA	NA	NA
CH111	3	5	37	18	4:10:00	08/26/25	1	1	3	0.43	1.29	NA	B_2	NA	NA	NA	NA
CH149a	1	1	30	0	9:20:00	07/01/25	1	1	1	0.001	0.001	NA	S_1	NA	NA	NA	NA
CH149a	1	1	30	2	11:14:00	07/01/25	1	1	1	0.028	0.028	NA	S_1	NA	NA	NA	NA
CH149a	1	1	30	4	13:13:00	07/01/25	1	1	1	0.025	0.025	NA	S_1	NA	NA	NA	NA
CH149a	1	1	30	6	15:05:00	07/01/25	1	1	1	0.064	0.064	NA	S_1	NA	NA	NA	NA
CH149a	1	1	30	8	17:08:00	07/01/25	1	1	1	0.106	0.106	NA	S_1	NA	NA	NA	NA
CH149a	1	1	30	10	19:35:00	07/01/25	1	1	2	0.14	0.28	NA	S_1	NA	NA	NA	NA
CH149a	1	1	30	12	21:37:00	07/01/25	1	1	2	0.295	0.59	NA	S_1	NA	NA	NA	NA
CH149a	1	1	30	14	23:47:00	07/01/25	1	1	3	0.307	0.921	NA	S_1	NA	NA	NA	NA
CH149a	1	1	30	16	1:39:00	07/01/25	1	1	3	0.395	1.185	NA	S_1	NA	NA	NA	NA
CH149a	1	1	30	18	3:23:00	07/01/25	1	1	3	0.467	1.401	NA	S_1	NA	NA	NA	NA
CH149a	1	1	42	0	9:20:00	07/01/25	1	1	1	0.001	0.001	NA	S_2	NA	NA	NA	NA
CH149a	1	1	42	2	11:14:00	07/01/25	1	1	1	0.019	0.019	NA	S_2	NA	NA	NA	NA
CH149a	1	1	42	4	13:13:00	07/01/25	1	1	1	0.04	0.04	NA	S_2	NA	NA	NA	NA
CH149a	1	1	42	6	15:05:00	07/01/25	1	1	1	0.124	0.124	NA	S_2	NA	NA	NA	NA
CH149a	1	1	42	8	17:08:00	07/01/25	1	1	1	0.292	0.292	NA	S_2	NA	NA	NA	NA
CH149a	1	1	42	10	19:35:00	07/01/25	1	1	2	0.323	0.646	NA	S_2	NA	NA	NA	NA
CH149a	1	1	42	12	21:37:00	07/01/25	1	1	2	0.447	0.894	NA	S_2	NA	NA	NA	NA
CH149a	1	1	42	14	23:47:00	07/01/25	1	1	3	0.423	1.269	NA	S_2	NA	NA	NA	NA
CH149a	1	1	42	16	1:39:00	07/01/25	1	1	3	0.456	1.368	NA	S_2	NA	NA	NA	NA
CH149a	1	1	42	18	3:23:00	07/01/25	1	1	3	0.471	1.413	NA	S_2	NA	NA	NA	NA
CH149a	2	2	30	0	8:52:00	07/03/25	1	1	1	0.001	0.001	NA	S_1	NA	NA	NA	NA
CH149a	2	2	30	2	11:02:00	07/03/25	1	1	1	0.006	0.006	NA	S_1	NA	NA	NA	NA
CH149a	2	2	30	4	13:04:00	07/03/25	1	1	1	0.041	0.041	NA	S_1	NA	NA	NA	NA
CH149a	2	2	30	6	15:11:00	07/03/25	1	1	1	0.062	0.062	NA	S_1	NA	NA	NA	NA
CH149a	2	2	30	8	17:12:00	07/03/25	1	1	1	0.172	0.172	NA	S_1	NA	NA	NA	NA
CH149a	2	2	30	10	19:24:00	07/03/25	1	1	2	0.222	0.444	NA	S_1	NA	NA	NA	NA
CH149a	2	2	30	12	21:29:00	07/03/25	1	1	3	0.316	0.948	NA	S_1	NA	NA	NA	NA
CH149a	2	2	30	14	23:36:00	07/03/25	1	1	3	0.365	1.095	NA	S_1	NA	NA	NA	NA
CH149a	2	2	30	16	1:38:00	07/03/25	1	1	3	0.419	1.257	NA	S_1	NA	NA	NA	NA
CH149a	2	2	30	18	3:30:00	07/03/25	1	1	3	0.463	1.389	NA	S_1	NA	NA	NA	NA
CH149a	2	2	42	0	8:52:00	07/03/25	1	1	1	0.001	0.001	NA	S_2	NA	NA	NA	NA
CH149a	2	2	42	2	11:02:00	07/03/25	1	1	1	0.024	0.024	NA	S_2	NA	NA	NA	NA
CH149a	2	2	42	4	13:04:00	07/03/25	1	1	1	0.086	0.086	NA	S_2	NA	NA	NA	NA
CH149a	2	2	42	6	15:11:00	07/03/25	1	1	1	0.167	0.167	NA	S_2	NA	NA	NA	NA
CH149a	2	2	42	8	17:12:00	07/03/25	1	1	1	0.387	0.387	NA	S_2	NA	NA	NA	NA
CH149a	2	2	42	10	19:24:00	07/03/25	1	1	2	0.388	0.776	NA	S_2	NA	NA	NA	NA
CH149a	2	2	42	12	21:29:00	07/03/25	1	1	3	0.366	1.098	NA	S_2	NA	NA	NA	NA
CH149a	2	2	42	14	23:36:00	07/03/25	1	1	3	0.389	1.167	NA	S_2	NA	NA	NA	NA
CH149a	2	2	42	16	1:38:00	07/03/25	1	1	3	0.439	1.317	NA	S_2	NA	NA	NA	NA
CH149a	2	2	42	18	3:30:00	07/03/25	1	1	3	0.476	1.428	NA	S_2	NA	NA	NA	NA
CH149a	1	3	37	0	8:53:00	07/08/25	1	1	1	0.001	0.001	NA	S_1	NA	NA	NA	NA
CH149a	1	3	37	2	11:00:00	07/08/25	1	1	1	0	0	NA	S_1	NA	NA	NA	NA
CH149a	1	3	37	4	13:05:00	07/08/25	1	1	1	0.041	0.041	NA	S_1	NA	NA	NA	NA
CH149a	1	3	37	6	15:11:00	07/08/25	1	1	1	0.115	0.115	NA	S_1	NA	NA	NA	NA
CH149a	1	3	37	8	17:16:00	07/08/25	1	1	1	0.357	0.357	NA	S_1	NA	NA	NA	NA
CH149a	1	3	37	10	19:41:00	07/08/25	1	1	2	0.351	0.702	NA	S_1	NA	NA	NA	NA
CH149a	1	3	37	12	21:45:00	07/08/25	1	1	2	0.461	0.922	NA	S_1	NA	NA	NA	NA
CH149a	1	3	37	14	23:49:00	07/08/25	1	1	3	0.403	1.209	NA	S_1	NA	NA	NA	NA
CH149a	1	3	37	16	2:12:00	07/08/25	1	1	3	0.486	1.458	NA	S_1	NA	NA	NA	NA
CH149a	1	3	37	18	4:20:00	07/08/25	1	1	3	0.56	1.68	NA	S_1	NA	NA	NA	NA
CH149a	3	3	42	0	8:53:00	07/08/25	1	1	1	0.001	0.001	NA	S_2	NA	NA	NA	NA
CH149a	3	3	42	2	11:00:00	07/08/25	1	1	1	0.027	0.027	NA	S_2	NA	NA	NA	NA
CH149a	3	3	42	4	13:05:00	07/08/25	1	1	1	0.064	0.064	NA	S_2	NA	NA	NA	NA
CH149a	3	3	42	6	15:11:00	07/08/25	1	1	1	0.125	0.125	NA	S_2	NA	NA	NA	NA
CH149a	3	3	42	8	17:16:00	07/08/25	1	1	1	0.258	0.258	NA	S_2	NA	NA	NA	NA
CH149a	3	3	42	10	19:41:00	07/08/25	1	1	2	0.251	0.502	NA	S_2	NA	NA	NA	NA
CH149a	3	3	42	12	21:45:00	07/08/25	1	1	2	0.359	0.718	NA	S_2	NA	NA	NA	NA
CH149a	3	3	42	14	23:49:00	07/08/25	1	1	3	0.301	0.903	NA	S_2	NA	NA	NA	NA
CH149a	3	3	42	16	2:12:00	07/08/25	1	1	3	0.373	1.119	NA	S_2	NA	NA	NA	NA
CH149a	3	3	42	18	4:20:00	07/08/25	1	1	3	0.46	1.38	NA	S_2	NA	NA	NA	NA
CH149a	2	4	37	0	9:10:00	08/26/25	1	1	1	0.001	0.001	NA	S_2	NA	NA	NA	NA
CH149a	2	4	37	2	11:10:00	08/26/25	1	1	1	0.011	0.011	NA	S_2	NA	NA	NA	NA
CH149a	2	4	37	4	13:15:00	08/26/25	1	1	1	0.04	0.04	NA	S_2	NA	NA	NA	NA
CH149a	2	4	37	6	15:18:00	08/26/25	1	1	1	0.126	0.126	NA	S_2	NA	NA	NA	NA
CH149a	2	4	37	8	17:16:00	08/26/25	1	1	1	0.333	0.333	NA	S_2	NA	NA	NA	NA
CH149a	2	4	37	10	19:43:00	08/26/25	1	1	1	0.576	0.576	NA	S_2	NA	NA	NA	NA
CH149a	2	4	37	12	21:58:00	08/26/25	1	1	2	0.516	1.032	NA	S_2	NA	NA	NA	NA
CH149a	2	4	37	14	0:04:00	08/26/25	1	1	2	0.591	1.182	NA	S_2	NA	NA	NA	NA
CH149a	2	4	37	16	2:05:00	08/26/25	1	1	3	0.539	1.617	NA	S_2	NA	NA	NA	NA
CH149a	2	4	37	18	4:10:00	08/26/25	1	1	3	0.606	1.818	NA	S_2	NA	NA	NA	NA
CH149a	3	4	30	0	9:10:00	08/26/25	1	1	1	0.001	0.001	NA	B_1	NA	NA	NA	NA
CH149a	3	4	30	2	11:10:00	08/26/25	1	1	1	0	0	NA	B_1	NA	NA	NA	NA
CH149a	3	4	30	4	13:15:00	08/26/25	1	1	1	0.009	0.009	NA	B_1	NA	NA	NA	NA
CH149a	3	4	30	6	15:18:00	08/26/25	1	1	1	0.044	0.044	NA	B_1	NA	NA	NA	NA
CH149a	3	4	30	8	17:16:00	08/26/25	1	1	1	0.101	0.101	NA	B_1	NA	NA	NA	NA
CH149a	3	4	30	10	19:43:00	08/26/25	1	1	1	0.277	0.277	NA	B_1	NA	NA	NA	NA
CH149a	3	4	30	12	21:58:00	08/26/25	1	1	2	0.34	0.68	NA	B_1	NA	NA	NA	NA
CH149a	3	4	30	14	0:04:00	08/26/25	1	1	2	0.489	0.978	NA	B_1	NA	NA	NA	NA
CH149a	3	4	30	16	2:05:00	08/26/25	1	1	3	0.501	1.503	NA	B_1	NA	NA	NA	NA
CH149a	3	4	30	18	4:10:00	08/26/25	1	1	3	0.562	1.686	NA	B_1	NA	NA	NA	NA
CH149a	3	5	37	0	9:10:00	08/26/25	1	1	1	0.001	0.001	NA	B_2	NA	NA	NA	NA
CH149a	3	5	37	2	11:10:00	08/26/25	1	1	1	0.004	0.004	NA	B_2	NA	NA	NA	NA
CH149a	3	5	37	4	13:15:00	08/26/25	1	1	1	0.027	0.027	NA	B_2	NA	NA	NA	NA
CH149a	3	5	37	6	15:18:00	08/26/25	1	1	1	0.164	0.164	NA	B_2	NA	NA	NA	NA
CH149a	3	5	37	8	17:16:00	08/26/25	1	1	1	0.393	0.393	NA	B_2	NA	NA	NA	NA
CH149a	3	5	37	10	19:43:00	08/26/25	1	1	1	0.62	0.62	NA	B_2	NA	NA	NA	NA
CH149a	3	5	37	12	21:58:00	08/26/25	1	1	2	0.539	1.078	NA	B_2	NA	NA	NA	NA
CH149a	3	5	37	14	0:04:00	08/26/25	1	1	2	0.606	1.212	NA	B_2	NA	NA	NA	NA
CH149a	3	5	37	16	2:05:00	08/26/25	1	1	3	0.591	1.773	NA	B_2	NA	NA	NA	NA
CH149a	3	5	37	18	4:10:00	08/26/25	1	1	3	0.583	1.749	NA	B_2	NA	NA	NA	NA
CH154a	1	1	30	0	9:20:00	07/01/25	1	1	1	0.001	0.001	NA	S_1	NA	NA	NA	NA
CH154a	1	1	30	2	11:14:00	07/01/25	1	1	1	0.016	0.016	NA	S_1	NA	NA	NA	NA
CH154a	1	1	30	4	13:13:00	07/01/25	1	1	1	0.032	0.032	NA	S_1	NA	NA	NA	NA
CH154a	1	1	30	6	15:05:00	07/01/25	1	1	1	0.233	0.233	NA	S_1	NA	NA	NA	NA
CH154a	1	1	30	8	17:08:00	07/01/25	1	1	1	0.47	0.47	NA	S_1	NA	NA	NA	NA
CH154a	1	1	30	10	19:35:00	07/01/25	1	1	2	0.422	0.844	NA	S_1	NA	NA	NA	NA
CH154a	1	1	30	12	21:37:00	07/01/25	1	1	2	0.511	1.022	NA	S_1	NA	NA	NA	NA
CH154a	1	1	30	14	23:47:00	07/01/25	1	1	3	0.462	1.386	NA	S_1	NA	NA	NA	NA
CH154a	1	1	30	16	1:39:00	07/01/25	1	1	3	0.525	1.575	NA	S_1	NA	NA	NA	NA
CH154a	1	1	30	18	3:23:00	07/01/25	1	1	3	0.576	1.728	NA	S_1	NA	NA	NA	NA
CH154a	1	1	42	0	9:20:00	07/01/25	1	1	1	0.001	0.001	NA	S_2	NA	NA	NA	NA
CH154a	1	1	42	2	11:14:00	07/01/25	1	1	1	0.014	0.014	NA	S_2	NA	NA	NA	NA
CH154a	1	1	42	4	13:13:00	07/01/25	1	1	1	0.039	0.039	NA	S_2	NA	NA	NA	NA
CH154a	1	1	42	6	15:05:00	07/01/25	1	1	1	0.124	0.124	NA	S_2	NA	NA	NA	NA
CH154a	1	1	42	8	17:08:00	07/01/25	1	1	1	0.16	0.16	NA	S_2	NA	NA	NA	NA
CH154a	1	1	42	10	19:35:00	07/01/25	1	1	2	0.216	0.432	NA	S_2	NA	NA	NA	NA
CH154a	1	1	42	12	21:37:00	07/01/25	1	1	2	0.257	0.514	NA	S_2	NA	NA	NA	NA
CH154a	1	1	42	14	23:47:00	07/01/25	1	1	3	0.18	0.54	NA	S_2	NA	NA	NA	NA
CH154a	1	1	42	16	1:39:00	07/01/25	1	1	3	0.176	0.528	NA	S_2	NA	NA	NA	NA
CH154a	1	1	42	18	3:23:00	07/01/25	1	1	3	0.182	0.546	NA	S_2	NA	NA	NA	NA
CH154a	2	2	30	0	8:52:00	07/03/25	1	1	1	0.001	0.001	NA	S_1	NA	NA	NA	NA
CH154a	2	2	30	2	11:02:00	07/03/25	1	1	1	0.006	0.006	NA	S_1	NA	NA	NA	NA
CH154a	2	2	30	4	13:04:00	07/03/25	1	1	1	0.025	0.025	NA	S_1	NA	NA	NA	NA
CH154a	2	2	30	6	15:11:00	07/03/25	1	1	1	0.2	0.2	NA	S_1	NA	NA	NA	NA
CH154a	2	2	30	8	17:12:00	07/03/25	1	1	1	0.48	0.48	NA	S_1	NA	NA	NA	NA
CH154a	2	2	30	10	19:24:00	07/03/25	1	1	2	0.398	0.796	NA	S_1	NA	NA	NA	NA
CH154a	2	2	30	12	21:29:00	07/03/25	1	1	3	0.399	1.197	NA	S_1	NA	NA	NA	NA
CH154a	2	2	30	14	23:36:00	07/03/25	1	1	3	0.592	1.776	NA	S_1	NA	NA	NA	NA
CH154a	2	2	30	16	1:38:00	07/03/25	1	1	3	0.513	1.539	NA	S_1	NA	NA	NA	NA
CH154a	2	2	30	18	3:30:00	07/03/25	1	1	3	0.548	1.644	NA	S_1	NA	NA	NA	NA
CH154a	2	2	42	0	8:52:00	07/03/25	1	1	1	0.001	0.001	NA	S_2	NA	NA	NA	NA
CH154a	2	2	42	2	11:02:00	07/03/25	1	1	1	0.017	0.017	NA	S_2	NA	NA	NA	NA
CH154a	2	2	42	4	13:04:00	07/03/25	1	1	1	0.039	0.039	NA	S_2	NA	NA	NA	NA
CH154a	2	2	42	6	15:11:00	07/03/25	1	1	1	0.054	0.054	NA	S_2	NA	NA	NA	NA
CH154a	2	2	42	8	17:12:00	07/03/25	1	1	1	0.174	0.174	NA	S_2	NA	NA	NA	NA
CH154a	2	2	42	10	19:24:00	07/03/25	1	1	2	0.278	0.556	NA	S_2	NA	NA	NA	NA
CH154a	2	2	42	12	21:29:00	07/03/25	1	1	3	0.238	0.714	NA	S_2	NA	NA	NA	NA
CH154a	2	2	42	14	23:36:00	07/03/25	1	1	3	0.287	0.861	NA	S_2	NA	NA	NA	NA
CH154a	2	2	42	16	1:38:00	07/03/25	1	1	3	0.364	1.092	NA	S_2	NA	NA	NA	NA
CH154a	2	2	42	18	3:30:00	07/03/25	1	1	3	0.379	1.137	NA	S_2	NA	NA	NA	NA
CH154a	1	3	37	0	8:53:00	07/08/25	1	1	1	0.001	0.001	NA	S_1	NA	NA	NA	NA
CH154a	1	3	37	2	11:00:00	07/08/25	1	1	1	0.014	0.014	NA	S_1	NA	NA	NA	NA
CH154a	1	3	37	4	13:05:00	07/08/25	1	1	1	0.144	0.144	NA	S_1	NA	NA	NA	NA
CH154a	1	3	37	6	15:11:00	07/08/25	1	1	1	0.426	0.426	NA	S_1	NA	NA	NA	NA
CH154a	1	3	37	8	17:16:00	07/08/25	1	1	1	0.556	0.556	NA	S_1	NA	NA	NA	NA
CH154a	1	3	37	10	19:41:00	07/08/25	1	1	2	0.429	0.858	NA	S_1	NA	NA	NA	NA
CH154a	1	3	37	12	21:45:00	07/08/25	1	1	2	0.502	1.004	NA	S_1	NA	NA	NA	NA
CH154a	1	3	37	14	23:49:00	07/08/25	1	1	3	0.404	1.212	NA	S_1	NA	NA	NA	NA
CH154a	1	3	37	16	2:12:00	07/08/25	1	1	3	0.467	1.401	NA	S_1	NA	NA	NA	NA
CH154a	1	3	37	18	4:20:00	07/08/25	1	1	3	0.534	1.602	NA	S_1	NA	NA	NA	NA
CH154a	3	3	42	0	8:53:00	07/08/25	1	1	1	0.001	0.001	NA	S_2	NA	NA	NA	NA
CH154a	3	3	42	2	11:00:00	07/08/25	1	1	1	0.014	0.014	NA	S_2	NA	NA	NA	NA
CH154a	3	3	42	4	13:05:00	07/08/25	1	1	1	0.047	0.047	NA	S_2	NA	NA	NA	NA
CH154a	3	3	42	6	15:11:00	07/08/25	1	1	1	0.081	0.081	NA	S_2	NA	NA	NA	NA
CH154a	3	3	42	8	17:16:00	07/08/25	1	1	1	0.127	0.127	NA	S_2	NA	NA	NA	NA
CH154a	3	3	42	10	19:41:00	07/08/25	1	1	2	0.1	0.2	NA	S_2	NA	NA	NA	NA
CH154a	3	3	42	12	21:45:00	07/08/25	1	1	2	0.15	0.3	NA	S_2	NA	NA	NA	NA
CH154a	3	3	42	14	23:49:00	07/08/25	1	1	3	0.122	0.366	NA	S_2	NA	NA	NA	NA
CH154a	3	3	42	16	2:12:00	07/08/25	1	1	3	0.175	0.525	NA	S_2	NA	NA	NA	NA
CH154a	3	3	42	18	4:20:00	07/08/25	1	1	3	0.246	0.738	NA	S_2	NA	NA	NA	NA
CH154a	2	4	37	0	9:10:00	08/26/25	1	1	1	0.001	0.001	NA	S_2	NA	NA	NA	NA
CH154a	2	4	37	2	11:10:00	08/26/25	1	1	1	0.036	0.036	NA	S_2	NA	NA	NA	NA
CH154a	2	4	37	4	13:15:00	08/26/25	1	1	1	0.119	0.119	NA	S_2	NA	NA	NA	NA
CH154a	2	4	37	6	15:18:00	08/26/25	1	1	1	0.473	0.473	NA	S_2	NA	NA	NA	NA
CH154a	2	4	37	8	17:16:00	08/26/25	1	1	1	0.605	0.605	NA	S_2	NA	NA	NA	NA
CH154a	2	4	37	10	19:43:00	08/26/25	1	1	1	0.681	0.681	NA	S_2	NA	NA	NA	NA
CH154a	2	4	37	12	21:58:00	08/26/25	1	1	2	0.565	1.13	NA	S_2	NA	NA	NA	NA
CH154a	2	4	37	14	0:04:00	08/26/25	1	1	2	0.605	1.21	NA	S_2	NA	NA	NA	NA
CH154a	2	4	37	16	2:05:00	08/26/25	1	1	3	0.524	1.572	NA	S_2	NA	NA	NA	NA
CH154a	2	4	37	18	4:10:00	08/26/25	1	1	3	0.578	1.734	NA	S_2	NA	NA	NA	NA
CH154a	3	4	30	0	9:10:00	08/26/25	1	1	1	0.001	0.001	NA	B_1	NA	NA	NA	NA
CH154a	3	4	30	2	11:10:00	08/26/25	1	1	1	0.006	0.006	NA	B_1	NA	NA	NA	NA
CH154a	3	4	30	4	13:15:00	08/26/25	1	1	1	0.033	0.033	NA	B_1	NA	NA	NA	NA
CH154a	3	4	30	6	15:18:00	08/26/25	1	1	1	0.26	0.26	NA	B_1	NA	NA	NA	NA
CH154a	3	4	30	8	17:16:00	08/26/25	1	1	1	0.478	0.478	NA	B_1	NA	NA	NA	NA
CH154a	3	4	30	10	19:43:00	08/26/25	1	1	1	0.645	0.645	NA	B_1	NA	NA	NA	NA
CH154a	3	4	30	12	21:58:00	08/26/25	1	1	2	0.547	1.094	NA	B_1	NA	NA	NA	NA
CH154a	3	4	30	14	0:04:00	08/26/25	1	1	2	0.623	1.246	NA	B_1	NA	NA	NA	NA
CH154a	3	4	30	16	2:05:00	08/26/25	1	1	3	0.562	1.686	NA	B_1	NA	NA	NA	NA
CH154a	3	4	30	18	4:10:00	08/26/25	1	1	3	0.603	1.809	NA	B_1	NA	NA	NA	NA
CH154a	3	5	37	0	9:10:00	08/26/25	1	1	1	0.001	0.001	NA	B_2	NA	NA	NA	NA
CH154a	3	5	37	2	11:10:00	08/26/25	1	1	1	0.004	0.004	NA	B_2	NA	NA	NA	NA
CH154a	3	5	37	4	13:15:00	08/26/25	1	1	1	0.126	0.126	NA	B_2	NA	NA	NA	NA
CH154a	3	5	37	6	15:18:00	08/26/25	1	1	1	0.403	0.403	NA	B_2	NA	NA	NA	NA
CH154a	3	5	37	8	17:16:00	08/26/25	1	1	1	0.563	0.563	NA	B_2	NA	NA	NA	NA
CH154a	3	5	37	10	19:43:00	08/26/25	1	1	1	0.687	0.687	NA	B_2	NA	NA	NA	NA
CH154a	3	5	37	12	21:58:00	08/26/25	1	1	2	0.538	1.076	NA	B_2	NA	NA	NA	NA
CH154a	3	5	37	14	0:04:00	08/26/25	1	1	2	0.583	1.166	NA	B_2	NA	NA	NA	NA
CH154a	3	5	37	16	2:05:00	08/26/25	1	1	3	0.509	1.527	NA	B_2	NA	NA	NA	NA
CH154a	3	5	37	18	4:10:00	08/26/25	1	1	3	0.549	1.647	NA	B_2	NA	NA	NA	NA
CH161d	1	1	30	0	9:20:00	07/01/25	1	1	1	0.001	0.001	NA	S_1	NA	NA	NA	NA
CH161d	1	1	30	2	11:14:00	07/01/25	1	1	1	0.016	0.016	NA	S_1	NA	NA	NA	NA
CH161d	1	1	30	4	13:13:00	07/01/25	1	1	1	0.048	0.048	NA	S_1	NA	NA	NA	NA
CH161d	1	1	30	6	15:05:00	07/01/25	1	1	1	0.182	0.182	NA	S_1	NA	NA	NA	NA
CH161d	1	1	30	8	17:08:00	07/01/25	1	1	1	0.346	0.346	NA	S_1	NA	NA	NA	NA
CH161d	1	1	30	10	19:35:00	07/01/25	1	1	2	0.251	0.502	NA	S_1	NA	NA	NA	NA
CH161d	1	1	30	12	21:37:00	07/01/25	1	1	2	0.302	0.604	NA	S_1	NA	NA	NA	NA
CH161d	1	1	30	14	23:47:00	07/01/25	1	1	3	0.218	0.654	NA	S_1	NA	NA	NA	NA
CH161d	1	1	30	16	1:39:00	07/01/25	1	1	3	0.272	0.816	NA	S_1	NA	NA	NA	NA
CH161d	1	1	30	18	3:23:00	07/01/25	1	1	3	0.284	0.852	NA	S_1	NA	NA	NA	NA
CH161d	1	1	42	0	9:20:00	07/01/25	1	1	1	0.001	0.001	NA	S_2	NA	NA	NA	NA
CH161d	1	1	42	2	11:14:00	07/01/25	1	1	1	0.013	0.013	NA	S_2	NA	NA	NA	NA
CH161d	1	1	42	4	13:13:00	07/01/25	1	1	1	0.127	0.127	NA	S_2	NA	NA	NA	NA
CH161d	1	1	42	6	15:05:00	07/01/25	1	1	1	0.324	0.324	NA	S_2	NA	NA	NA	NA
CH161d	1	1	42	8	17:08:00	07/01/25	1	1	1	0.451	0.451	NA	S_2	NA	NA	NA	NA
CH161d	1	1	42	10	19:35:00	07/01/25	1	1	2	0.367	0.734	NA	S_2	NA	NA	NA	NA
CH161d	1	1	42	12	21:37:00	07/01/25	1	1	2	0.432	0.864	NA	S_2	NA	NA	NA	NA
CH161d	1	1	42	14	23:47:00	07/01/25	1	1	3	0.333	0.999	NA	S_2	NA	NA	NA	NA
CH161d	1	1	42	16	1:39:00	07/01/25	1	1	3	0.374	1.122	NA	S_2	NA	NA	NA	NA
CH161d	1	1	42	18	3:23:00	07/01/25	1	1	3	0.418	1.254	NA	S_2	NA	NA	NA	NA
CH161d	2	2	30	0	8:52:00	07/03/25	1	1	1	0.001	0.001	NA	S_1	NA	NA	NA	NA
CH161d	2	2	30	2	11:02:00	07/03/25	1	1	1	0.006	0.006	NA	S_1	NA	NA	NA	NA
CH161d	2	2	30	4	13:04:00	07/03/25	1	1	1	0.03	0.03	NA	S_1	NA	NA	NA	NA
CH161d	2	2	30	6	15:11:00	07/03/25	1	1	1	0.145	0.145	NA	S_1	NA	NA	NA	NA
CH161d	2	2	30	8	17:12:00	07/03/25	1	1	1	0.354	0.354	NA	S_1	NA	NA	NA	NA
CH161d	2	2	30	10	19:24:00	07/03/25	1	1	2	0.253	0.506	NA	S_1	NA	NA	NA	NA
CH161d	2	2	30	12	21:29:00	07/03/25	1	1	3	0.223	0.669	NA	S_1	NA	NA	NA	NA
CH161d	2	2	30	14	23:36:00	07/03/25	1	1	3	0.23	0.69	NA	S_1	NA	NA	NA	NA
CH161d	2	2	30	16	1:38:00	07/03/25	1	1	3	0.263	0.789	NA	S_1	NA	NA	NA	NA
CH161d	2	2	30	18	3:30:00	07/03/25	1	1	3	0.316	0.948	NA	S_1	NA	NA	NA	NA
CH161d	2	2	42	0	8:52:00	07/03/25	1	1	1	0.001	0.001	NA	S_2	NA	NA	NA	NA
CH161d	2	2	42	2	11:02:00	07/03/25	1	1	1	0.027	0.027	NA	S_2	NA	NA	NA	NA
CH161d	2	2	42	4	13:04:00	07/03/25	1	1	1	0.105	0.105	NA	S_2	NA	NA	NA	NA
CH161d	2	2	42	6	15:11:00	07/03/25	1	1	1	0.221	0.221	NA	S_2	NA	NA	NA	NA
CH161d	2	2	42	8	17:12:00	07/03/25	1	1	1	0.4	0.4	NA	S_2	NA	NA	NA	NA
CH161d	2	2	42	10	19:24:00	07/03/25	1	1	2	0.331	0.662	NA	S_2	NA	NA	NA	NA
CH161d	2	2	42	12	21:29:00	07/03/25	1	1	3	0.265	0.795	NA	S_2	NA	NA	NA	NA
CH161d	2	2	42	14	23:36:00	07/03/25	1	1	3	0.314	0.942	NA	S_2	NA	NA	NA	NA
CH161d	2	2	42	16	1:38:00	07/03/25	1	1	3	0.358	1.074	NA	S_2	NA	NA	NA	NA
CH161d	2	2	42	18	3:30:00	07/03/25	1	1	3	0.413	1.239	NA	S_2	NA	NA	NA	NA
CH161d	1	3	37	0	8:53:00	07/08/25	1	1	1	0.001	0.001	NA	S_1	NA	NA	NA	NA
CH161d	1	3	37	2	11:00:00	07/08/25	1	1	1	0	0	NA	S_1	NA	NA	NA	NA
CH161d	1	3	37	4	13:05:00	07/08/25	1	1	1	0.153	0.153	NA	S_1	NA	NA	NA	NA
CH161d	1	3	37	6	15:11:00	07/08/25	1	1	1	0.317	0.317	NA	S_1	NA	NA	NA	NA
CH161d	1	3	37	8	17:16:00	07/08/25	1	1	1	0.485	0.485	NA	S_1	NA	NA	NA	NA
CH161d	1	3	37	10	19:41:00	07/08/25	1	1	2	0.292	0.584	NA	S_1	NA	NA	NA	NA
CH161d	1	3	37	12	21:45:00	07/08/25	1	1	2	0.328	0.656	NA	S_1	NA	NA	NA	NA
CH161d	1	3	37	14	23:49:00	07/08/25	1	1	3	0.248	0.744	NA	S_1	NA	NA	NA	NA
CH161d	1	3	37	16	2:12:00	07/08/25	1	1	3	0.331	0.993	NA	S_1	NA	NA	NA	NA
CH161d	1	3	37	18	4:20:00	07/08/25	1	1	3	0.338	1.014	NA	S_1	NA	NA	NA	NA
CH161d	3	3	42	0	8:53:00	07/08/25	1	1	1	0.001	0.001	NA	S_2	NA	NA	NA	NA
CH161d	3	3	42	2	11:00:00	07/08/25	1	1	1	0.006	0.006	NA	S_2	NA	NA	NA	NA
CH161d	3	3	42	4	13:05:00	07/08/25	1	1	1	0.104	0.104	NA	S_2	NA	NA	NA	NA
CH161d	3	3	42	6	15:11:00	07/08/25	1	1	1	0.195	0.195	NA	S_2	NA	NA	NA	NA
CH161d	3	3	42	8	17:16:00	07/08/25	1	1	1	0.447	0.447	NA	S_2	NA	NA	NA	NA
CH161d	3	3	42	10	19:41:00	07/08/25	1	1	2	0.269	0.538	NA	S_2	NA	NA	NA	NA
CH161d	3	3	42	12	21:45:00	07/08/25	1	1	2	0.369	0.738	NA	S_2	NA	NA	NA	NA
CH161d	3	3	42	14	23:49:00	07/08/25	1	1	3	0.256	0.768	NA	S_2	NA	NA	NA	NA
CH161d	3	3	42	16	2:12:00	07/08/25	1	1	3	0.342	1.026	NA	S_2	NA	NA	NA	NA
CH161d	3	3	42	18	4:20:00	07/08/25	1	1	3	0.364	1.092	NA	S_2	NA	NA	NA	NA
CH161d	2	4	37	0	9:10:00	08/26/25	1	1	1	0.001	0.001	NA	S_2	NA	NA	NA	NA
CH161d	2	4	37	2	11:10:00	08/26/25	1	1	1	0.015	0.015	NA	S_2	NA	NA	NA	NA
CH161d	2	4	37	4	13:15:00	08/26/25	1	1	1	0.1	0.1	NA	S_2	NA	NA	NA	NA
CH161d	2	4	37	6	15:18:00	08/26/25	1	1	1	0.254	0.254	NA	S_2	NA	NA	NA	NA
CH161d	2	4	37	8	17:16:00	08/26/25	1	1	1	0.387	0.387	NA	S_2	NA	NA	NA	NA
CH161d	2	4	37	10	19:43:00	08/26/25	1	1	1	0.459	0.459	NA	S_2	NA	NA	NA	NA
CH161d	2	4	37	12	21:58:00	08/26/25	1	1	2	0.286	0.572	NA	S_2	NA	NA	NA	NA
CH161d	2	4	37	14	0:04:00	08/26/25	1	1	2	0.327	0.654	NA	S_2	NA	NA	NA	NA
CH161d	2	4	37	16	2:05:00	08/26/25	1	1	3	0.276	0.828	NA	S_2	NA	NA	NA	NA
CH161d	2	4	37	18	4:10:00	08/26/25	1	1	3	0.304	0.912	NA	S_2	NA	NA	NA	NA
CH161d	3	4	30	0	9:10:00	08/26/25	1	1	1	0.001	0.001	NA	B_1	NA	NA	NA	NA
CH161d	3	4	30	2	11:10:00	08/26/25	1	1	1	0.019	0.019	NA	B_1	NA	NA	NA	NA
CH161d	3	4	30	4	13:15:00	08/26/25	1	1	1	0.01	0.01	NA	B_1	NA	NA	NA	NA
CH161d	3	4	30	6	15:18:00	08/26/25	1	1	1	0.135	0.135	NA	B_1	NA	NA	NA	NA
CH161d	3	4	30	8	17:16:00	08/26/25	1	1	1	0.242	0.242	NA	B_1	NA	NA	NA	NA
CH161d	3	4	30	10	19:43:00	08/26/25	1	1	1	0.389	0.389	NA	B_1	NA	NA	NA	NA
CH161d	3	4	30	12	21:58:00	08/26/25	1	1	2	0.293	0.586	NA	B_1	NA	NA	NA	NA
CH161d	3	4	30	14	0:04:00	08/26/25	1	1	2	0.282	0.564	NA	B_1	NA	NA	NA	NA
CH161d	3	4	30	16	2:05:00	08/26/25	1	1	3	0.229	0.687	NA	B_1	NA	NA	NA	NA
CH161d	3	4	30	18	4:10:00	08/26/25	1	1	3	0.271	0.813	NA	B_1	NA	NA	NA	NA
CH161d	3	5	37	0	9:10:00	08/26/25	1	1	1	0.001	0.001	NA	B_2	NA	NA	NA	NA
CH161d	3	5	37	2	11:10:00	08/26/25	1	1	1	0	0	NA	B_2	NA	NA	NA	NA
CH161d	3	5	37	4	13:15:00	08/26/25	1	1	1	0.082	0.082	NA	B_2	NA	NA	NA	NA
CH161d	3	5	37	6	15:18:00	08/26/25	1	1	1	0.217	0.217	NA	B_2	NA	NA	NA	NA
CH161d	3	5	37	8	17:16:00	08/26/25	1	1	1	0.373	0.373	NA	B_2	NA	NA	NA	NA
CH161d	3	5	37	10	19:43:00	08/26/25	1	1	1	0.504	0.504	NA	B_2	NA	NA	NA	NA
CH161d	3	5	37	12	21:58:00	08/26/25	1	1	2	0.314	0.628	NA	B_2	NA	NA	NA	NA
CH161d	3	5	37	14	0:04:00	08/26/25	1	1	2	0.341	0.682	NA	B_2	NA	NA	NA	NA
CH161d	3	5	37	16	2:05:00	08/26/25	1	1	3	0.296	0.888	NA	B_2	NA	NA	NA	NA
CH161d	3	5	37	18	4:10:00	08/26/25	1	1	3	0.317	0.951	NA	B_2	NA	NA	NA	NA
CH447	1	1	30	0	9:20:00	07/01/25	1	1	1	0.001	0.001	NA	S_1	NA	NA	NA	NA
CH447	1	1	30	2	11:14:00	07/01/25	1	1	1	0.011	0.011	NA	S_1	NA	NA	NA	NA
CH447	1	1	30	4	13:13:00	07/01/25	1	1	1	0.141	0.141	NA	S_1	NA	NA	NA	NA
CH447	1	1	30	6	15:05:00	07/01/25	1	1	1	0.251	0.251	NA	S_1	NA	NA	NA	NA
CH447	1	1	30	8	17:08:00	07/01/25	1	1	1	0.351	0.351	NA	S_1	NA	NA	NA	NA
CH447	1	1	30	10	19:35:00	07/01/25	1	1	2	0.256	0.512	NA	S_1	NA	NA	NA	NA
CH447	1	1	30	12	21:37:00	07/01/25	1	1	2	0.312	0.624	NA	S_1	NA	NA	NA	NA
CH447	1	1	30	14	23:47:00	07/01/25	1	1	3	0.227	0.681	NA	S_1	NA	NA	NA	NA
CH447	1	1	30	16	1:39:00	07/01/25	1	1	3	0.244	0.732	NA	S_1	NA	NA	NA	NA
CH447	1	1	30	18	3:23:00	07/01/25	1	1	3	0.245	0.735	NA	S_1	NA	NA	NA	NA
CH447	1	1	42	0	9:20:00	07/01/25	1	1	1	0.001	0.001	NA	S_2	NA	NA	NA	NA
CH447	1	1	42	2	11:14:00	07/01/25	1	1	1	0.079	0.079	NA	S_2	NA	NA	NA	NA
CH447	1	1	42	4	13:13:00	07/01/25	1	1	1	0.256	0.256	NA	S_2	NA	NA	NA	NA
CH447	1	1	42	6	15:05:00	07/01/25	1	1	1	0.342	0.342	NA	S_2	NA	NA	NA	NA
CH447	1	1	42	8	17:08:00	07/01/25	1	1	1	0.401	0.401	NA	S_2	NA	NA	NA	NA
CH447	1	1	42	10	19:35:00	07/01/25	1	1	2	0.238	0.476	NA	S_2	NA	NA	NA	NA
CH447	1	1	42	12	21:37:00	07/01/25	1	1	2	0.269	0.538	NA	S_2	NA	NA	NA	NA
CH447	1	1	42	14	23:47:00	07/01/25	1	1	3	0.176	0.528	NA	S_2	NA	NA	NA	NA
CH447	1	1	42	16	1:39:00	07/01/25	1	1	3	0.21	0.63	NA	S_2	NA	NA	NA	NA
CH447	1	1	42	18	3:23:00	07/01/25	1	1	3	0.202	0.606	NA	S_2	NA	NA	NA	NA
CH447	2	2	30	0	8:52:00	07/03/25	1	1	1	0.001	0.001	NA	S_1	NA	NA	NA	NA
CH447	2	2	30	2	11:02:00	07/03/25	1	1	1	0.022	0.022	NA	S_1	NA	NA	NA	NA
CH447	2	2	30	4	13:04:00	07/03/25	1	1	1	0.118	0.118	NA	S_1	NA	NA	NA	NA
CH447	2	2	30	6	15:11:00	07/03/25	1	1	1	0.267	0.267	NA	S_1	NA	NA	NA	NA
CH447	2	2	30	8	17:12:00	07/03/25	1	1	1	0.385	0.385	NA	S_1	NA	NA	NA	NA
CH447	2	2	30	10	19:24:00	07/03/25	1	1	2	0.273	0.546	NA	S_1	NA	NA	NA	NA
CH447	2	2	30	12	21:29:00	07/03/25	1	1	3	0.224	0.672	NA	S_1	NA	NA	NA	NA
CH447	2	2	30	14	23:36:00	07/03/25	1	1	3	0.229	0.687	NA	S_1	NA	NA	NA	NA
CH447	2	2	30	16	1:38:00	07/03/25	1	1	3	0.232	0.696	NA	S_1	NA	NA	NA	NA
CH447	2	2	30	18	3:30:00	07/03/25	1	1	3	0.256	0.768	NA	S_1	NA	NA	NA	NA
CH447	2	2	42	0	8:52:00	07/03/25	1	1	1	0.001	0.001	NA	S_2	NA	NA	NA	NA
CH447	2	2	42	2	11:02:00	07/03/25	1	1	1	0.095	0.095	NA	S_2	NA	NA	NA	NA
CH447	2	2	42	4	13:04:00	07/03/25	1	1	1	0.285	0.285	NA	S_2	NA	NA	NA	NA
CH447	2	2	42	6	15:11:00	07/03/25	1	1	1	0.379	0.379	NA	S_2	NA	NA	NA	NA
CH447	2	2	42	8	17:12:00	07/03/25	1	1	1	0.433	0.433	NA	S_2	NA	NA	NA	NA
CH447	2	2	42	10	19:24:00	07/03/25	1	1	2	0.26	0.52	NA	S_2	NA	NA	NA	NA
CH447	2	2	42	12	21:29:00	07/03/25	1	1	3	0.173	0.519	NA	S_2	NA	NA	NA	NA
CH447	2	2	42	14	23:36:00	07/03/25	1	1	3	0.174	0.522	NA	S_2	NA	NA	NA	NA
CH447	2	2	42	16	1:38:00	07/03/25	1	1	3	0.186	0.558	NA	S_2	NA	NA	NA	NA
CH447	2	2	42	18	3:30:00	07/03/25	1	1	3	0.219	0.657	NA	S_2	NA	NA	NA	NA
CH447	1	3	37	0	8:53:00	07/08/25	1	1	1	0.001	0.001	NA	S_1	NA	NA	NA	NA
CH447	1	3	37	2	11:00:00	07/08/25	1	1	1	0.035	0.035	NA	S_1	NA	NA	NA	NA
CH447	1	3	37	4	13:05:00	07/08/25	1	1	1	0.247	0.247	NA	S_1	NA	NA	NA	NA
CH447	1	3	37	6	15:11:00	07/08/25	1	1	1	0.316	0.316	NA	S_1	NA	NA	NA	NA
CH447	1	3	37	8	17:16:00	07/08/25	1	1	1	0.46	0.46	NA	S_1	NA	NA	NA	NA
CH447	1	3	37	10	19:41:00	07/08/25	1	1	2	0.26	0.52	NA	S_1	NA	NA	NA	NA
CH447	1	3	37	12	21:45:00	07/08/25	1	1	2	0.278	0.556	NA	S_1	NA	NA	NA	NA
CH447	1	3	37	14	23:49:00	07/08/25	1	1	3	0.185	0.555	NA	S_1	NA	NA	NA	NA
CH447	1	3	37	16	2:12:00	07/08/25	1	1	3	0.215	0.645	NA	S_1	NA	NA	NA	NA
CH447	1	3	37	18	4:20:00	07/08/25	1	1	3	0.203	0.609	NA	S_1	NA	NA	NA	NA
CH447	3	3	42	0	8:53:00	07/08/25	1	1	1	0.001	0.001	NA	S_2	NA	NA	NA	NA
CH447	3	3	42	2	11:00:00	07/08/25	1	1	1	0.091	0.091	NA	S_2	NA	NA	NA	NA
CH447	3	3	42	4	13:05:00	07/08/25	1	1	1	0.301	0.301	NA	S_2	NA	NA	NA	NA
CH447	3	3	42	6	15:11:00	07/08/25	1	1	1	0.345	0.345	NA	S_2	NA	NA	NA	NA
CH447	3	3	42	8	17:16:00	07/08/25	1	1	1	0.467	0.467	NA	S_2	NA	NA	NA	NA
CH447	3	3	42	10	19:41:00	07/08/25	1	1	2	0.247	0.494	NA	S_2	NA	NA	NA	NA
CH447	3	3	42	12	21:45:00	07/08/25	1	1	2	0.25	0.5	NA	S_2	NA	NA	NA	NA
CH447	3	3	42	14	23:49:00	07/08/25	1	1	3	0.162	0.486	NA	S_2	NA	NA	NA	NA
CH447	3	3	42	16	2:12:00	07/08/25	1	1	3	0.191	0.573	NA	S_2	NA	NA	NA	NA
CH447	3	3	42	18	4:20:00	07/08/25	1	1	3	0.204	0.612	NA	S_2	NA	NA	NA	NA
CH447	2	4	37	0	9:10:00	08/26/25	1	1	1	0.001	0.001	NA	S_2	NA	NA	NA	NA
CH447	2	4	37	2	11:10:00	08/26/25	1	1	1	0.02	0.02	NA	S_2	NA	NA	NA	NA
CH447	2	4	37	4	13:15:00	08/26/25	1	1	1	0.235	0.235	NA	S_2	NA	NA	NA	NA
CH447	2	4	37	6	15:18:00	08/26/25	1	1	1	0.392	0.392	NA	S_2	NA	NA	NA	NA
CH447	2	4	37	8	17:16:00	08/26/25	1	1	1	0.446	0.446	NA	S_2	NA	NA	NA	NA
CH447	2	4	37	10	19:43:00	08/26/25	1	1	1	0.483	0.483	NA	S_2	NA	NA	NA	NA
CH447	2	4	37	12	21:58:00	08/26/25	1	1	2	0.287	0.574	NA	S_2	NA	NA	NA	NA
CH447	2	4	37	14	0:04:00	08/26/25	1	1	2	0.303	0.606	NA	S_2	NA	NA	NA	NA
CH447	2	4	37	16	2:05:00	08/26/25	1	1	3	0.221	0.663	NA	S_2	NA	NA	NA	NA
CH447	2	4	37	18	4:10:00	08/26/25	1	1	3	0.246	0.738	NA	S_2	NA	NA	NA	NA
CH447	3	4	30	0	9:10:00	08/26/25	1	1	1	0.001	0.001	NA	B_1	NA	NA	NA	NA
CH447	3	4	30	2	11:10:00	08/26/25	1	1	1	0.009	0.009	NA	B_1	NA	NA	NA	NA
CH447	3	4	30	4	13:15:00	08/26/25	1	1	1	0.139	0.139	NA	B_1	NA	NA	NA	NA
CH447	3	4	30	6	15:18:00	08/26/25	1	1	1	0.294	0.294	NA	B_1	NA	NA	NA	NA
CH447	3	4	30	8	17:16:00	08/26/25	1	1	1	0.393	0.393	NA	B_1	NA	NA	NA	NA
CH447	3	4	30	10	19:43:00	08/26/25	1	1	1	0.463	0.463	NA	B_1	NA	NA	NA	NA
CH447	3	4	30	12	21:58:00	08/26/25	1	1	2	0.309	0.618	NA	B_1	NA	NA	NA	NA
CH447	3	4	30	14	0:04:00	08/26/25	1	1	2	0.329	0.658	NA	B_1	NA	NA	NA	NA
CH447	3	4	30	16	2:05:00	08/26/25	1	1	3	0.246	0.738	NA	B_1	NA	NA	NA	NA
CH447	3	4	30	18	4:10:00	08/26/25	1	1	3	0.27	0.81	NA	B_1	NA	NA	NA	NA
CH447	3	5	37	0	9:10:00	08/26/25	1	1	1	0.001	0.001	NA	B_2	NA	NA	NA	NA
CH447	3	5	37	2	11:10:00	08/26/25	1	1	1	0.029	0.029	NA	B_2	NA	NA	NA	NA
CH447	3	5	37	4	13:15:00	08/26/25	1	1	1	0.209	0.209	NA	B_2	NA	NA	NA	NA
CH447	3	5	37	6	15:18:00	08/26/25	1	1	1	0.323	0.323	NA	B_2	NA	NA	NA	NA
CH447	3	5	37	8	17:16:00	08/26/25	1	1	1	0.383	0.383	NA	B_2	NA	NA	NA	NA
CH447	3	5	37	10	19:43:00	08/26/25	1	1	1	0.43	0.43	NA	B_2	NA	NA	NA	NA
CH447	3	5	37	12	21:58:00	08/26/25	1	1	2	0.255	0.51	NA	B_2	NA	NA	NA	NA
CH447	3	5	37	14	0:04:00	08/26/25	1	1	2	0.364	0.728	NA	B_2	NA	NA	NA	NA
CH447	3	5	37	16	2:05:00	08/26/25	1	1	3	0.214	0.642	NA	B_2	NA	NA	NA	NA
CH447	3	5	37	18	4:10:00	08/26/25	1	1	3	0.217	0.651	NA	B_2	NA	NA	NA	NA
CH450	1	1	30	0	9:20:00	07/01/25	1	1	1	0.001	0.001	NA	S_1	NA	NA	NA	NA
CH450	1	1	30	2	11:14:00	07/01/25	1	1	1	0.002	0.002	NA	S_1	NA	NA	NA	NA
CH450	1	1	30	4	13:13:00	07/01/25	1	1	1	0.119	0.119	NA	S_1	NA	NA	NA	NA
CH450	1	1	30	6	15:05:00	07/01/25	1	1	1	0.282	0.282	NA	S_1	NA	NA	NA	NA
CH450	1	1	30	8	17:08:00	07/01/25	1	1	1	0.407	0.407	NA	S_1	NA	NA	NA	NA
CH450	1	1	30	10	19:35:00	07/01/25	1	1	2	0.301	0.602	NA	S_1	NA	NA	NA	NA
CH450	1	1	30	12	21:37:00	07/01/25	1	1	2	0.347	0.694	NA	S_1	NA	NA	NA	NA
CH450	1	1	30	14	23:47:00	07/01/25	1	1	3	0.289	0.867	NA	S_1	NA	NA	NA	NA
CH450	1	1	30	16	1:39:00	07/01/25	1	1	3	0.294	0.882	NA	S_1	NA	NA	NA	NA
CH450	1	1	30	18	3:23:00	07/01/25	1	1	3	0.309	0.927	NA	S_1	NA	NA	NA	NA
CH450	1	1	42	0	9:20:00	07/01/25	1	1	1	0.001	0.001	NA	S_2	NA	NA	NA	NA
CH450	1	1	42	2	11:14:00	07/01/25	1	1	1	0.051	0.051	NA	S_2	NA	NA	NA	NA
CH450	1	1	42	4	13:13:00	07/01/25	1	1	1	0.259	0.259	NA	S_2	NA	NA	NA	NA
CH450	1	1	42	6	15:05:00	07/01/25	1	1	1	0.347	0.347	NA	S_2	NA	NA	NA	NA
CH450	1	1	42	8	17:08:00	07/01/25	1	1	1	0.434	0.434	NA	S_2	NA	NA	NA	NA
CH450	1	1	42	10	19:35:00	07/01/25	1	1	2	0.285	0.57	NA	S_2	NA	NA	NA	NA
CH450	1	1	42	12	21:37:00	07/01/25	1	1	2	0.301	0.602	NA	S_2	NA	NA	NA	NA
CH450	1	1	42	14	23:47:00	07/01/25	1	1	3	0.222	0.666	NA	S_2	NA	NA	NA	NA
CH450	1	1	42	16	1:39:00	07/01/25	1	1	3	0.243	0.729	NA	S_2	NA	NA	NA	NA
CH450	1	1	42	18	3:23:00	07/01/25	1	1	3	0.269	0.807	NA	S_2	NA	NA	NA	NA
CH450	2	2	30	0	8:52:00	07/03/25	1	1	1	0.001	0.001	NA	S_1	NA	NA	NA	NA
CH450	2	2	30	2	11:02:00	07/03/25	1	1	1	0.002	0.002	NA	S_1	NA	NA	NA	NA
CH450	2	2	30	4	13:04:00	07/03/25	1	1	1	0.094	0.094	NA	S_1	NA	NA	NA	NA
CH450	2	2	30	6	15:11:00	07/03/25	1	1	1	0.28	0.28	NA	S_1	NA	NA	NA	NA
CH450	2	2	30	8	17:12:00	07/03/25	1	1	1	0.411	0.411	NA	S_1	NA	NA	NA	NA
CH450	2	2	30	10	19:24:00	07/03/25	1	1	2	0.308	0.616	NA	S_1	NA	NA	NA	NA
CH450	2	2	30	12	21:29:00	07/03/25	1	1	3	0.265	0.795	NA	S_1	NA	NA	NA	NA
CH450	2	2	30	14	23:36:00	07/03/25	1	1	3	0.251	0.753	NA	S_1	NA	NA	NA	NA
CH450	2	2	30	16	1:38:00	07/03/25	1	1	3	0.275	0.825	NA	S_1	NA	NA	NA	NA
CH450	2	2	30	18	3:30:00	07/03/25	1	1	3	0.302	0.906	NA	S_1	NA	NA	NA	NA
CH450	2	2	42	0	8:52:00	07/03/25	1	1	1	0.001	0.001	NA	S_2	NA	NA	NA	NA
CH450	2	2	42	2	11:02:00	07/03/25	1	1	1	0.052	0.052	NA	S_2	NA	NA	NA	NA
CH450	2	2	42	4	13:04:00	07/03/25	1	1	1	0.301	0.301	NA	S_2	NA	NA	NA	NA
CH450	2	2	42	6	15:11:00	07/03/25	1	1	1	0.396	0.396	NA	S_2	NA	NA	NA	NA
CH450	2	2	42	8	17:12:00	07/03/25	1	1	1	0.479	0.479	NA	S_2	NA	NA	NA	NA
CH450	2	2	42	10	19:24:00	07/03/25	1	1	2	0.303	0.606	NA	S_2	NA	NA	NA	NA
CH450	2	2	42	12	21:29:00	07/03/25	1	1	3	0.22	0.66	NA	S_2	NA	NA	NA	NA
CH450	2	2	42	14	23:36:00	07/03/25	1	1	3	0.241	0.723	NA	S_2	NA	NA	NA	NA
CH450	2	2	42	16	1:38:00	07/03/25	1	1	3	0.255	0.765	NA	S_2	NA	NA	NA	NA
CH450	2	2	42	18	3:30:00	07/03/25	1	1	3	0.304	0.912	NA	S_2	NA	NA	NA	NA
CH450	1	3	37	0	8:53:00	07/08/25	1	1	1	0.001	0.001	NA	S_1	NA	NA	NA	NA
CH450	1	3	37	2	11:00:00	07/08/25	1	1	1	0.015	0.015	NA	S_1	NA	NA	NA	NA
CH450	1	3	37	4	13:05:00	07/08/25	1	1	1	0.257	0.257	NA	S_1	NA	NA	NA	NA
CH450	1	3	37	6	15:11:00	07/08/25	1	1	1	0.371	0.371	NA	S_1	NA	NA	NA	NA
CH450	1	3	37	8	17:16:00	07/08/25	1	1	1	0.544	0.544	NA	S_1	NA	NA	NA	NA
CH450	1	3	37	10	19:41:00	07/08/25	1	1	2	0.291	0.582	NA	S_1	NA	NA	NA	NA
CH450	1	3	37	12	21:45:00	07/08/25	1	1	2	0.323	0.646	NA	S_1	NA	NA	NA	NA
CH450	1	3	37	14	23:49:00	07/08/25	1	1	3	0.218	0.654	NA	S_1	NA	NA	NA	NA
CH450	1	3	37	16	2:12:00	07/08/25	1	1	3	0.253	0.759	NA	S_1	NA	NA	NA	NA
CH450	1	3	37	18	4:20:00	07/08/25	1	1	3	0.28	0.84	NA	S_1	NA	NA	NA	NA
CH450	3	3	42	0	8:53:00	07/08/25	1	1	1	0.001	0.001	NA	S_2	NA	NA	NA	NA
CH450	3	3	42	2	11:00:00	07/08/25	1	1	1	0.052	0.052	NA	S_2	NA	NA	NA	NA
CH450	3	3	42	4	13:05:00	07/08/25	1	1	1	0.332	0.332	NA	S_2	NA	NA	NA	NA
CH450	3	3	42	6	15:11:00	07/08/25	1	1	1	0.383	0.383	NA	S_2	NA	NA	NA	NA
CH450	3	3	42	8	17:16:00	07/08/25	1	1	1	0.532	0.532	NA	S_2	NA	NA	NA	NA
CH450	3	3	42	10	19:41:00	07/08/25	1	1	2	0.294	0.588	NA	S_2	NA	NA	NA	NA
CH450	3	3	42	12	21:45:00	07/08/25	1	1	2	0.318	0.636	NA	S_2	NA	NA	NA	NA
CH450	3	3	42	14	23:49:00	07/08/25	1	1	3	0.216	0.648	NA	S_2	NA	NA	NA	NA
CH450	3	3	42	16	2:12:00	07/08/25	1	1	3	0.264	0.792	NA	S_2	NA	NA	NA	NA
CH450	3	3	42	18	4:20:00	07/08/25	1	1	3	0.284	0.852	NA	S_2	NA	NA	NA	NA
CH450	2	4	37	0	9:10:00	08/26/25	1	1	1	0.001	0.001	NA	S_2	NA	NA	NA	NA
CH450	2	4	37	2	11:10:00	08/26/25	1	1	1	0.02	0.02	NA	S_2	NA	NA	NA	NA
CH450	2	4	37	4	13:15:00	08/26/25	1	1	1	0.26	0.26	NA	S_2	NA	NA	NA	NA
CH450	2	4	37	6	15:18:00	08/26/25	1	1	1	0.387	0.387	NA	S_2	NA	NA	NA	NA
CH450	2	4	37	8	17:16:00	08/26/25	1	1	1	0.463	0.463	NA	S_2	NA	NA	NA	NA
CH450	2	4	37	10	19:43:00	08/26/25	1	1	1	0.533	0.533	NA	S_2	NA	NA	NA	NA
CH450	2	4	37	12	21:58:00	08/26/25	1	1	2	0.347	0.694	NA	S_2	NA	NA	NA	NA
CH450	2	4	37	14	0:04:00	08/26/25	1	1	2	0.366	0.732	NA	S_2	NA	NA	NA	NA
CH450	2	4	37	16	2:05:00	08/26/25	1	1	3	0.286	0.858	NA	S_2	NA	NA	NA	NA
CH450	2	4	37	18	4:10:00	08/26/25	1	1	3	0.307	0.921	NA	S_2	NA	NA	NA	NA
CH450	3	4	30	0	9:10:00	08/26/25	1	1	1	0.001	0.001	NA	B_1	NA	NA	NA	NA
CH450	3	4	30	2	11:10:00	08/26/25	1	1	1	0.016	0.016	NA	B_1	NA	NA	NA	NA
CH450	3	4	30	4	13:15:00	08/26/25	1	1	1	0.086	0.086	NA	B_1	NA	NA	NA	NA
CH450	3	4	30	6	15:18:00	08/26/25	1	1	1	0.293	0.293	NA	B_1	NA	NA	NA	NA
CH450	3	4	30	8	17:16:00	08/26/25	1	1	1	0.391	0.391	NA	B_1	NA	NA	NA	NA
CH450	3	4	30	10	19:43:00	08/26/25	1	1	1	0.501	0.501	NA	B_1	NA	NA	NA	NA
CH450	3	4	30	12	21:58:00	08/26/25	1	1	2	0.336	0.672	NA	B_1	NA	NA	NA	NA
CH450	3	4	30	14	0:04:00	08/26/25	1	1	2	0.366	0.732	NA	B_1	NA	NA	NA	NA
CH450	3	4	30	16	2:05:00	08/26/25	1	1	3	0.302	0.906	NA	B_1	NA	NA	NA	NA
CH450	3	4	30	18	4:10:00	08/26/25	1	1	3	0.361	1.083	NA	B_1	NA	NA	NA	NA
CH450	3	5	37	0	9:10:00	08/26/25	1	1	1	0.001	0.001	NA	B_2	NA	NA	NA	NA
CH450	3	5	37	2	11:10:00	08/26/25	1	1	1	0.02	0.02	NA	B_2	NA	NA	NA	NA
CH450	3	5	37	4	13:15:00	08/26/25	1	1	1	0.223	0.223	NA	B_2	NA	NA	NA	NA
CH450	3	5	37	6	15:18:00	08/26/25	1	1	1	0.339	0.339	NA	B_2	NA	NA	NA	NA
CH450	3	5	37	8	17:16:00	08/26/25	1	1	1	0.422	0.422	NA	B_2	NA	NA	NA	NA
CH450	3	5	37	10	19:43:00	08/26/25	1	1	1	0.496	0.496	NA	B_2	NA	NA	NA	NA
CH450	3	5	37	12	21:58:00	08/26/25	1	1	2	0.326	0.652	NA	B_2	NA	NA	NA	NA
CH450	3	5	37	14	0:04:00	08/26/25	1	1	2	0.344	0.688	NA	B_2	NA	NA	NA	NA
CH450	3	5	37	16	2:05:00	08/26/25	1	1	3	0.278	0.834	NA	B_2	NA	NA	NA	NA
CH450	3	5	37	18	4:10:00	08/26/25	1	1	3	0.287	0.861	NA	B_2	NA	NA	NA	NA